t_s,bending_avg_y_mm,torsion_diff_y_mm,bending_smoothed_mm,torsion_smoothed_mm
0.005332,-0.063051,-0.004628,-0.061262,-0.004008
0.021999,-0.058708,-0.002569,-0.058698,-0.002750
0.038665,-0.053091,-0.003496,-0.053189,-0.003596
0.055332,-0.047610,-0.004924,-0.047712,-0.004315
0.071999,-0.042865,0.005278,-0.043007,0.005403
0.088665,-0.039265,0.016721,-0.039066,0.015854
0.105332,-0.030272,0.010412,-0.030083,0.010314
0.121999,-0.016314,0.000786,-0.016345,0.001256
0.138665,-0.002369,-0.000334,-0.002583,-0.000002
0.155332,0.007088,0.005268,0.007215,0.004782
0.171999,0.017650,0.002384,0.017281,0.002627
0.188665,0.020780,0.003362,0.021130,0.003118
0.205332,0.029794,-0.000512,0.029885,-0.000353
0.221999,0.040034,-0.001773,0.039922,-0.001809
0.238665,0.047306,-0.003557,0.047234,-0.003679
0.255332,0.051640,-0.006732,0.051742,-0.006766
0.271999,0.055812,-0.008960,0.055653,-0.008613
0.288665,0.055321,-0.003357,0.055209,-0.003107
0.305332,0.051738,0.007107,0.051846,0.006694
0.321999,0.050002,0.009008,0.050167,0.008676
0.338665,0.051676,0.003426,0.051763,0.003565
0.355332,0.054925,-0.000120,0.054879,0.000113
0.371999,0.056376,0.001294,0.056199,0.001335
0.388665,0.053084,0.004452,0.052942,0.004491
0.405332,0.046016,0.008640,0.046139,0.008490
0.421999,0.040832,0.009687,0.040958,0.009721
0.438665,0.038297,0.010348,0.038283,0.010384
0.455332,0.035942,0.010560,0.036012,0.010280
0.471999,0.034680,0.005354,0.034680,0.005283
0.488665,0.032388,-0.000198,0.032350,0.000214
0.505332,0.027933,0.003206,0.027429,0.003729
0.521999,0.013424,0.016568,0.013997,0.015779
0.538665,0.008978,0.014804,0.008880,0.014674
0.555332,0.003342,0.009038,0.003114,0.009400
0.571999,-0.005734,0.008796,-0.005154,0.008532
0.588665,-0.004394,0.004020,-0.004821,0.004201
0.605332,-0.011400,0.003505,-0.011397,0.003383
0.621999,-0.019356,0.002278,-0.019672,0.002726
0.638665,-0.033122,0.010030,-0.032810,0.009928
0.655332,-0.039960,0.015371,-0.039927,0.015278
0.671999,-0.044052,0.017072,-0.043690,0.016415
0.688665,-0.039929,0.005164,-0.040373,0.005628
0.705332,-0.042956,0.001077,-0.042877,0.001227
0.721999,-0.044321,0.000378,-0.044388,0.000425
0.738665,-0.046430,0.001274,-0.046431,0.001105
0.755332,-0.047425,-0.000689,-0.047406,-0.000624
0.771999,-0.046556,-0.001638,-0.046220,-0.001769
0.788665,-0.038444,-0.005050,-0.038689,-0.004835
0.805332,-0.034158,-0.004691,-0.034345,-0.004861
0.821999,-0.033143,-0.007139,-0.032903,-0.007397
0.838665,-0.027760,-0.013370,-0.027882,-0.012800
0.855332,-0.024354,-0.008230,-0.024244,-0.008385
0.871999,-0.018908,-0.004913,-0.019006,-0.005061
0.888665,-0.015263,-0.003835,-0.015271,-0.003876
0.905332,-0.011722,-0.003304,-0.011766,-0.003107
0.921999,-0.008910,0.001058,-0.008519,0.000855
0.938665,0.000777,0.001958,0.000178,0.002362
0.955332,-0.000351,0.009630,-0.000158,0.009196
0.971999,0.002291,0.008677,0.002433,0.008601
0.988665,0.008169,0.005796,0.008411,0.005912
1.005332,0.018744,0.004977,0.018316,0.005476
1.021999,0.021436,0.012852,0.021457,0.012481
1.038665,0.024109,0.013083,0.024343,0.012653
1.055332,0.030702,0.004559,0.030627,0.004851
1.071999,0.035488,0.001165,0.035552,0.001388
1.088665,0.040580,0.002444,0.040190,0.002559
1.105332,0.037842,0.006243,0.038300,0.005727
1.121999,0.042586,0.000931,0.042460,0.001185
1.138665,0.044249,0.000417,0.044222,0.000513
1.155332,0.044428,0.001953,0.044143,0.002170
1.171999,0.038665,0.007288,0.039123,0.006631
1.188665,0.040487,0.000696,0.040340,0.000928
1.205332,0.038834,-0.001185,0.038902,-0.001044
1.221999,0.036850,0.000976,0.036672,0.001162
1.238665,0.029759,0.007840,0.029616,0.007925
1.255332,0.018734,0.016189,0.018818,0.015931
1.271999,0.009008,0.018592,0.009062,0.018246
1.288665,0.001147,0.013259,0.001351,0.013628
1.305332,-0.002026,0.013598,-0.001906,0.013603
1.321999,-0.002831,0.013775,-0.003155,0.013594
1.338665,-0.009970,0.010869,-0.010188,0.010963
1.355332,-0.021502,0.010130,-0.021100,0.010210
1.371999,-0.025658,0.011198,-0.025834,0.011574
1.388665,-0.032120,0.018050,-0.032119,0.017870
1.405332,-0.037417,0.019140,-0.037332,0.018246
1.421999,-0.039938,0.001945,-0.039896,0.002106
1.438665,-0.040670,-0.012345,-0.040609,-0.011572
1.455332,-0.039920,-0.010454,-0.040025,-0.010523
1.471999,-0.041298,-0.007012,-0.041436,-0.007208
1.488665,-0.045388,-0.005570,-0.045503,-0.005382
1.505332,-0.051007,-0.000643,-0.050720,-0.000956
1.521999,-0.050168,-0.001715,-0.050090,-0.001756
1.538665,-0.046540,-0.003739,-0.046580,-0.003544
1.555332,-0.042812,-0.002043,-0.043015,-0.002018
1.571999,-0.042298,0.000567,-0.042298,0.000445
1.588665,-0.041082,0.001466,-0.040994,0.001465
1.605332,-0.036908,0.002790,-0.036933,0.002981
1.621999,-0.031504,0.007688,-0.031167,0.007724
1.638665,-0.018670,0.012477,-0.019188,0.012444
1.655332,-0.014111,0.015143,-0.013741,0.014466
1.671999,-0.002339,0.004411,-0.002458,0.005077
1.688665,0.007652,0.005003,0.007613,0.005159
1.705332,0.017002,0.008161,0.017085,0.007600
1.721999,0.027763,0.000859,0.027448,0.001277
1.738665,0.032990,0.000385,0.033507,0.000124
1.755332,0.047449,-0.005079,0.047230,-0.004986
1.771999,0.057362,-0.008676,0.057429,-0.008813
1.788665,0.066868,-0.013842,0.066692,-0.013632
1.805332,0.071084,-0.013919,0.071000,-0.013808
1.821999,0.071948,-0.010866,0.072021,-0.010969
1.838665,0.072878,-0.009026,0.073058,-0.009264
1.855332,0.076076,-0.010947,0.076064,-0.010822
1.871999,0.077870,-0.009965,0.077655,-0.009577
1.888665,0.074429,-0.001642,0.074473,-0.001970
1.905332,0.070655,0.000568,0.070673,0.000361
1.921999,0.066664,-0.001443,0.066764,-0.001268
1.938665,0.064206,-0.000499,0.064254,-0.000335
1.955332,0.062233,0.003423,0.062053,0.003363
1.971999,0.056458,0.006150,0.056570,0.005849
1.988665,0.051985,0.003329,0.051998,0.003627
2.005332,0.046963,0.005713,0.046937,0.005858
2.021999,0.040712,0.010112,0.040519,0.010053
2.038665,0.030532,0.012008,0.030757,0.011535
2.055332,0.024250,0.004042,0.024290,0.003969
2.071999,0.018562,-0.005360,0.018551,-0.004693
2.088665,0.011849,-0.001684,0.012028,-0.001899
2.105332,0.006496,-0.000552,0.005998,-0.000526
2.121999,-0.009787,0.001538,-0.009873,0.001399
2.138665,-0.028520,0.000992,-0.028278,0.001060
2.155332,-0.042131,0.001287,-0.041899,0.001312
2.171999,-0.049790,0.001482,-0.049869,0.001474
2.188665,-0.057283,0.001018,-0.057256,0.000690
2.205332,-0.063367,-0.005177,-0.063598,-0.004983
2.221999,-0.072860,-0.006864,-0.072781,-0.006478
2.238665,-0.079862,-0.000406,-0.079815,-0.000574
2.255332,-0.084292,0.003330,-0.084376,0.003394
2.271999,-0.087786,0.006887,-0.087770,0.006686
2.288665,-0.088030,0.004727,-0.087794,0.004324
2.305332,-0.081130,-0.005996,-0.081096,-0.005743
2.321999,-0.071413,-0.012014,-0.071635,-0.011533
2.338665,-0.064368,-0.008216,-0.064347,-0.008655
2.355332,-0.056084,-0.010732,-0.056163,-0.010806
2.371999,-0.048118,-0.013049,-0.048046,-0.012522
2.388665,-0.037390,-0.004838,-0.037287,-0.004887
2.405332,-0.023227,0.002228,-0.023322,0.002069
2.421999,-0.009272,0.004684,-0.009252,0.004061
2.438665,0.006036,-0.005576,0.006339,-0.005386
2.455332,0.026716,-0.012260,0.026509,-0.011624
2.471999,0.042495,-0.006218,0.042128,-0.006206
2.488665,0.050018,0.000837,0.050271,0.000361
2.505332,0.060693,-0.000947,0.060757,-0.001052
2.521999,0.071723,-0.005100,0.071611,-0.004736
2.538665,0.080063,-0.002684,0.080292,-0.002717
2.555332,0.091381,-0.000539,0.091244,-0.000696
2.571999,0.098662,-0.000971,0.098509,-0.000968
2.588665,0.101468,-0.000991,0.101552,-0.000934
2.605332,0.104214,0.000628,0.104347,0.000791
2.621999,0.108032,0.005324,0.107838,0.005551
2.638665,0.107209,0.013000,0.107326,0.012387
2.655332,0.107244,0.007873,0.107369,0.007791
2.671999,0.108001,-0.000047,0.107841,0.000303
2.688665,0.103900,-0.001597,0.103963,-0.001731
2.705332,0.098487,-0.004198,0.098389,-0.004022
2.721999,0.088924,-0.002247,0.088815,-0.001984
2.738665,0.075510,0.005095,0.075684,0.004544
2.755332,0.063874,0.002619,0.063901,0.002774
2.771999,0.051638,0.002931,0.051676,0.002936
2.788665,0.038808,0.003814,0.038668,0.004014
2.805332,0.022130,0.008767,0.022033,0.008782
2.821999,0.002817,0.013874,0.002918,0.013557
2.838665,-0.014776,0.012914,-0.014706,0.012864
2.855332,-0.030480,0.010854,-0.030547,0.011413
2.871999,-0.046306,0.018314,-0.046273,0.018280
2.888665,-0.060186,0.023560,-0.060159,0.022965
2.905332,-0.071987,0.015944,-0.072027,0.015690
2.921999,-0.082740,0.002631,-0.082689,0.003322
2.938665,-0.090736,0.002309,-0.090739,0.002269
2.955332,-0.096893,0.002629,-0.096943,0.002613
2.971999,-0.102052,0.003412,-0.101968,0.003293
2.988665,-0.103828,0.001941,-0.103928,0.002010
3.005332,-0.105556,0.001165,-0.105386,0.001031
3.021999,-0.102667,-0.002563,-0.102749,-0.002495
3.038665,-0.099906,-0.005512,-0.100124,-0.005443
3.055332,-0.099628,-0.007524,-0.099420,-0.007674
3.071999,-0.093990,-0.012189,-0.093870,-0.012258
3.088665,-0.084689,-0.017383,-0.084724,-0.017273
3.105332,-0.075179,-0.019075,-0.075310,-0.018934
3.121999,-0.067926,-0.016326,-0.067920,-0.016320
3.138665,-0.060606,-0.012000,-0.060800,-0.011915
3.155332,-0.056094,-0.005727,-0.056013,-0.005884
3.171999,-0.048406,-0.002643,-0.048206,-0.002918
3.188665,-0.034826,-0.004714,-0.034637,-0.004572
3.205332,-0.016100,-0.003720,-0.016236,-0.003417
3.221999,0.000757,0.003340,0.000484,0.003567
3.238665,0.012637,0.013726,0.012626,0.013381
3.255332,0.024556,0.015472,0.024737,0.015014
3.271999,0.040506,0.006215,0.040730,0.006367
3.288665,0.061053,-0.001904,0.060842,-0.001522
3.305332,0.077496,-0.003324,0.077498,-0.003527
3.321999,0.092624,-0.007674,0.092666,-0.007818
3.338665,0.106553,-0.013326,0.106392,-0.013149
3.355332,0.115420,-0.014002,0.115525,-0.013773
3.371999,0.123849,-0.008988,0.123941,-0.008908
3.388665,0.131420,-0.002185,0.131236,-0.002529
3.405332,0.132984,-0.002435,0.133057,-0.002570
3.421999,0.132806,-0.005994,0.133010,-0.006090
3.438665,0.132690,-0.010918,0.132480,-0.010551
3.455332,0.124826,-0.007916,0.124553,-0.007627
3.471999,0.108339,0.001331,0.108522,0.000930
3.488665,0.092314,0.003777,0.092502,0.003350
3.505332,0.077722,-0.000958,0.077557,-0.000294
3.521999,0.058650,0.007130,0.058693,0.007223
3.538665,0.038964,0.017534,0.038981,0.017268
3.555332,0.018517,0.022579,0.018425,0.022543
3.571999,-0.003988,0.025147,-0.004091,0.025238
3.588665,-0.027700,0.026883,-0.027578,0.026811
3.605332,-0.047453,0.024634,-0.047281,0.024493
3.621999,-0.061788,0.017602,-0.061747,0.017362
3.638665,-0.073226,0.005434,-0.073430,0.005731
3.655332,-0.086649,-0.000546,-0.086510,-0.000366
3.671999,-0.096305,-0.001412,-0.096366,-0.001460
3.688665,-0.105749,-0.001464,-0.105935,-0.001318
3.705332,-0.116822,0.001664,-0.116661,0.001505
3.721999,-0.122688,0.001416,-0.122687,0.001308
3.738665,-0.125768,-0.001716,-0.125554,-0.001898
3.755332,-0.122593,-0.008488,-0.122686,-0.008293
3.771999,-0.119362,-0.011218,-0.119656,-0.011032
3.788665,-0.120052,-0.009512,-0.119846,-0.009723
3.805332,-0.115720,-0.010358,-0.115570,-0.010367
3.821999,-0.107285,-0.010409,-0.107600,-0.009944
3.838665,-0.102899,-0.001869,-0.102914,-0.002339
3.855332,-0.096753,-0.002144,-0.096495,-0.002234
3.871999,-0.083476,-0.004498,-0.083445,-0.004499
3.888665,-0.067342,-0.006482,-0.067289,-0.006222
3.905332,-0.048900,-0.002780,-0.049150,-0.002557
3.921999,-0.034210,0.005197,-0.034336,0.005137
3.938665,-0.020916,0.010794,-0.020634,0.010282
3.955332,-0.001444,0.005074,-0.001269,0.005082
3.971999,0.021792,-0.002211,0.021676,-0.001753
3.988665,0.042240,-0.002097,0.042125,-0.002395
4.005332,0.058640,-0.007442,0.058530,-0.007493
4.021999,0.070596,-0.013342,0.070660,-0.013230
4.038665,0.081446,-0.016270,0.081396,-0.016156
4.055332,0.089578,-0.015819,0.089702,-0.015874
4.071999,0.098241,-0.015204,0.098300,-0.015144
4.088665,0.106066,-0.012784,0.105892,-0.012943
4.105332,0.108566,-0.012585,0.108653,-0.012642
4.121999,0.110154,-0.012484,0.110188,-0.012278
4.138665,0.109757,-0.007551,0.109648,-0.007469
4.155332,0.104840,-0.000318,0.104789,-0.000407
4.171999,0.096854,0.005274,0.096828,0.005265
4.188665,0.087141,0.009709,0.087192,0.009677
4.205332,0.077866,0.012130,0.078149,0.011923
4.221999,0.073332,0.009609,0.073139,0.009764
4.238665,0.064632,0.009387,0.064585,0.009235
4.255332,0.053975,0.006865,0.053989,0.007206
4.271999,0.042389,0.011061,0.042409,0.011130
4.288665,0.030126,0.016478,0.030138,0.016172
4.305332,0.017250,0.015389,0.017097,0.015569
4.321999,0.001193,0.015786,0.001317,0.015540
4.338665,-0.012728,0.010392,-0.012559,0.010150
4.355332,-0.023612,0.000312,-0.023853,0.000985
4.371999,-0.038843,0.002683,-0.038798,0.002451
4.388665,-0.053176,0.001383,-0.053223,0.001237
4.405332,-0.067769,-0.002325,-0.067677,-0.002381
4.421999,-0.079672,-0.006471,-0.079596,-0.006455
4.438665,-0.089032,-0.008912,-0.089181,-0.008630
4.455332,-0.099867,-0.004581,-0.099775,-0.004567
4.471999,-0.107835,0.001184,-0.107913,0.001015
4.488665,-0.115584,0.004100,-0.115705,0.004176
4.505332,-0.123058,0.007576,-0.122977,0.007618
4.521999,-0.125702,0.010302,-0.125487,0.010086
4.538665,-0.120542,0.007340,-0.120649,0.007380
4.555332,-0.113430,0.003526,-0.113325,0.003397
4.571999,-0.101381,-0.003018,-0.101263,-0.003112
4.588665,-0.085205,-0.010291,-0.085588,-0.009701
4.605332,-0.074414,-0.005610,-0.074425,-0.005680
4.621999,-0.062150,-0.001357,-0.061962,-0.001848
4.638665,-0.044437,-0.005736,-0.044190,-0.005571
4.655332,-0.020566,-0.007179,-0.020748,-0.006780
4.671999,0.000675,-0.001720,0.000571,-0.001935
4.688665,0.019550,-0.000939,0.019631,-0.001339
4.705332,0.038600,-0.008241,0.038654,-0.008141
4.721999,0.056731,-0.013773,0.056602,-0.013436
4.738665,0.070114,-0.012390,0.070101,-0.012342
4.755332,0.080576,-0.009290,0.080528,-0.009572
4.771999,0.087638,-0.010779,0.087722,-0.010840
4.788665,0.093939,-0.012805,0.093922,-0.012582
4.805332,0.097784,-0.009925,0.097842,-0.009887
4.821999,0.100374,-0.005423,0.100326,-0.005505
4.838665,0.099631,-0.001963,0.099573,-0.001900
4.855332,0.095453,0.002276,0.095375,0.002327
4.871999,0.087948,0.006405,0.088065,0.006141
4.888665,0.081141,0.004655,0.081218,0.004567
4.905332,0.074538,0.000836,0.074516,0.001013
4.921999,0.066190,0.000589,0.066124,0.000849
4.938665,0.055060,0.005660,0.055048,0.005453
4.955332,0.042217,0.007292,0.042127,0.007203
4.971999,0.026696,0.007107,0.026876,0.007286
4.988665,0.013792,0.009459,0.013655,0.009533
5.005332,-0.001658,0.011891,-0.001688,0.011652
5.021999,-0.017412,0.008596,-0.017077,0.008229
5.038665,-0.026932,-0.001860,-0.027227,-0.001444
5.055332,-0.041487,-0.004180,-0.041647,-0.003892
5.071999,-0.058416,-0.000043,-0.058067,-0.000361
5.088665,-0.068085,-0.000604,-0.068280,-0.000622
5.105332,-0.079600,-0.001025,-0.079659,-0.000830
5.121999,-0.090148,0.002261,-0.089838,0.002087
5.138665,-0.093047,0.002479,-0.093215,0.002551
5.155332,-0.096975,0.003775,-0.097047,0.003776
5.171999,-0.100321,0.004613,-0.100332,0.004628
5.188665,-0.101640,0.004897,-0.101666,0.004927
5.205332,-0.100640,0.004623,-0.100377,0.004326
5.221999,-0.092192,-0.001780,-0.092106,-0.001654
5.238665,-0.080236,-0.006215,-0.080612,-0.005855
5.255332,-0.073903,-0.004125,-0.073761,-0.004629
5.271999,-0.064308,-0.010568,-0.064353,-0.010534
5.288665,-0.054471,-0.015427,-0.054604,-0.014930
5.305332,-0.045408,-0.010297,-0.045132,-0.010401
5.321999,-0.029862,-0.006294,-0.029539,-0.006855
5.338665,-0.008166,-0.011770,-0.008536,-0.011466
5.355332,0.005738,-0.010968,0.005363,-0.010476
5.371999,0.011335,-0.000793,0.011413,-0.001026
5.388665,0.017738,0.004657,0.018109,0.004129
5.405332,0.031293,-0.000631,0.031311,-0.000380
5.421999,0.045720,-0.002411,0.045585,-0.002139
5.438665,0.057441,0.000365,0.057523,0.000067
5.455332,0.069451,-0.002091,0.069330,-0.002149
5.471999,0.077866,-0.005253,0.077635,-0.004849
5.488665,0.081171,-0.000906,0.081436,-0.000999
5.505332,0.088770,0.001602,0.089018,0.001294
5.521999,0.100187,-0.001934,0.100042,-0.001928
5.538665,0.107346,-0.005484,0.107228,-0.005304
5.555332,0.109775,-0.005386,0.109563,-0.005113
5.571999,0.105916,-0.000281,0.106005,-0.000531
5.588665,0.101887,-0.000268,0.102253,-0.000614
5.605332,0.102800,-0.007129,0.102741,-0.006891
5.621999,0.100366,-0.009703,0.100058,-0.009503
5.638665,0.089369,-0.007852,0.089392,-0.008141
5.655332,0.075564,-0.009716,0.075790,-0.009734
5.671999,0.062869,-0.010111,0.062637,-0.009549
5.688665,0.043368,0.001006,0.043465,0.000781
5.705332,0.023340,0.008322,0.023127,0.008194
5.721999,-0.001781,0.012091,-0.001715,0.011959
5.738665,-0.025630,0.011602,-0.025485,0.011635
5.755332,-0.045608,0.010104,-0.045563,0.010114
5.771999,-0.062986,0.007970,-0.062925,0.007856
5.788665,-0.077533,0.003913,-0.077743,0.004081
5.805332,-0.094160,0.003719,-0.094067,0.003774
5.821999,-0.107090,0.005445,-0.107245,0.005669
5.838665,-0.119951,0.011259,-0.119778,0.011027
5.855332,-0.126086,0.011837,-0.126049,0.011667
5.871999,-0.127547,0.007665,-0.127525,0.007744
5.888665,-0.124818,0.003435,-0.124744,0.003382
5.905332,-0.117517,-0.002549,-0.117751,-0.002409
5.921999,-0.111606,-0.006238,-0.111393,-0.006413
5.938665,-0.099426,-0.012800,-0.099532,-0.012623
5.955332,-0.087030,-0.015533,-0.086928,-0.015661
5.971999,-0.071178,-0.019454,-0.071280,-0.019426
5.988665,-0.056020,-0.021153,-0.056019,-0.021276
6.005332,-0.040226,-0.022698,-0.040035,-0.022306
6.021999,-0.020946,-0.014990,-0.021246,-0.014837
6.038665,-0.007264,-0.003575,-0.007261,-0.003913
6.055332,0.006324,0.001015,0.006477,0.000931
6.071999,0.022664,0.002213,0.022788,0.002168
6.088665,0.040940,0.000802,0.040789,0.000831
6.105332,0.055592,-0.001177,0.055509,-0.001140
6.121999,0.067352,-0.002828,0.067443,-0.002889
6.138665,0.079231,-0.005295,0.079191,-0.005119
6.155332,0.088941,-0.004164,0.088947,-0.004164
6.171999,0.097368,-0.002712,0.097337,-0.002879
6.188665,0.103928,-0.004107,0.103967,-0.004023
6.205332,0.109928,-0.004022,0.109997,-0.003861
6.221999,0.115770,-0.001414,0.115719,-0.001501
6.238665,0.119030,-0.001238,0.118982,-0.001484
6.255332,0.119476,-0.006362,0.119571,-0.006367
6.271999,0.119522,-0.011845,0.119354,-0.011541
6.288665,0.114489,-0.011442,0.114656,-0.011586
6.305332,0.110300,-0.012680,0.110297,-0.012878
6.321999,0.103710,-0.016082,0.103617,-0.015799
6.338665,0.092940,-0.012682,0.092899,-0.012588
6.355332,0.079092,-0.006054,0.079019,-0.006073
6.371999,0.062268,0.000971,0.062382,0.000711
6.388665,0.046700,0.003328,0.046647,0.003525
6.405332,0.030118,0.008715,0.030258,0.008761
6.421999,0.016252,0.014053,0.016259,0.013881
6.438665,0.002738,0.015060,0.002511,0.015098
6.455332,-0.014405,0.015264,-0.014329,0.015295
6.471999,-0.029352,0.014620,-0.029094,0.014504
6.488665,-0.038476,0.010650,-0.038825,0.010870
6.505332,-0.052326,0.009337,-0.052181,0.009190
6.521999,-0.061977,0.004299,-0.061723,0.003993
6.538665,-0.065656,-0.006552,-0.065903,-0.006226
6.555332,-0.072700,-0.010900,-0.072786,-0.010793
6.571999,-0.080351,-0.012125,-0.080331,-0.012104
6.588665,-0.086360,-0.012021,-0.086135,-0.012272
6.605332,-0.086898,-0.015771,-0.086941,-0.015709
6.621999,-0.086931,-0.017818,-0.087244,-0.017557
6.638665,-0.091305,-0.014631,-0.091073,-0.014898
6.655332,-0.090059,-0.015660,-0.089915,-0.015793
6.671999,-0.084644,-0.018325,-0.084867,-0.017971
6.688665,-0.081614,-0.013838,-0.081727,-0.013768
6.705332,-0.078853,-0.007503,-0.078521,-0.008004
6.721999,-0.068076,-0.009720,-0.068299,-0.009487
6.738665,-0.058870,-0.007329,-0.058920,-0.006951
6.755332,-0.048128,0.002167,-0.047684,0.001745
6.771999,-0.027440,0.003887,-0.027760,0.004021
6.788665,-0.011060,0.006942,-0.011220,0.007075
6.805332,0.003529,0.010526,0.003697,0.010419
6.821999,0.022166,0.009788,0.022386,0.009425
6.838665,0.045282,0.000531,0.045312,0.000467
6.855332,0.068206,-0.010460,0.067797,-0.009869
6.871999,0.081992,-0.010222,0.082063,-0.010334
6.888665,0.094854,-0.010994,0.095087,-0.011328
6.905332,0.109680,-0.016855,0.109515,-0.016645
6.921999,0.119202,-0.017909,0.119198,-0.017882
6.938665,0.126003,-0.017089,0.126040,-0.017043
6.955332,0.130632,-0.014168,0.130642,-0.014175
6.971999,0.132379,-0.010516,0.132429,-0.010636
6.988665,0.131666,-0.008536,0.131475,-0.008370
7.005332,0.124190,-0.003550,0.124170,-0.003552
7.021999,0.113502,0.001017,0.113583,0.000764
7.038665,0.102234,0.000520,0.102256,0.000625
7.055332,0.089966,0.001696,0.090033,0.001656
7.071999,0.077674,0.002666,0.077675,0.002734
7.088665,0.064056,0.005854,0.063946,0.005984
7.105332,0.047374,0.012000,0.047109,0.012270
7.121999,0.025860,0.022296,0.026168,0.021882
7.138665,0.010935,0.023074,0.011169,0.022944
7.155332,0.001670,0.018959,0.001547,0.018929
7.171999,-0.008887,0.012553,-0.009023,0.012704
7.188665,-0.021614,0.008084,-0.021652,0.008360
7.205332,-0.034835,0.008314,-0.034723,0.007716
7.221999,-0.045492,-0.002141,-0.045626,-0.001600
7.238665,-0.057631,-0.002691,-0.057383,-0.002938
7.255332,-0.064398,-0.007056,-0.064559,-0.007082
7.271999,-0.073132,-0.011066,-0.073270,-0.010846
7.288665,-0.083374,-0.010218,-0.083029,-0.010488
7.305332,-0.086560,-0.013014,-0.086705,-0.012896
7.321999,-0.091731,-0.012287,-0.091825,-0.012207
7.338665,-0.098180,-0.008783,-0.098294,-0.008585
7.355332,-0.105757,-0.001231,-0.105759,-0.001361
7.371999,-0.111452,0.003247,-0.111138,0.002958
7.388665,-0.109074,0.001228,-0.109074,0.001210
7.405332,-0.104440,-0.002044,-0.104678,-0.001773
7.421999,-0.102284,-0.000724,-0.102223,-0.000772
7.438665,-0.097358,-0.000348,-0.097375,-0.000335
7.455332,-0.090654,-0.000058,-0.090654,-0.000265
7.471999,-0.081578,-0.003886,-0.081351,-0.003614
7.488665,-0.066338,-0.003116,-0.066405,-0.003396
7.505332,-0.050841,-0.007287,-0.051073,-0.007074
7.521999,-0.038696,-0.007272,-0.038443,-0.007407
7.538665,-0.021752,-0.008789,-0.021780,-0.008858
7.555332,-0.005487,-0.010264,-0.005690,-0.009803
7.571999,0.006695,-0.002709,0.006728,-0.002686
7.588665,0.019016,0.004760,0.019188,0.004169
7.605332,0.034000,0.000157,0.033948,0.000221
7.621999,0.047336,-0.004532,0.047337,-0.004412
7.638665,0.059348,-0.007079,0.059332,-0.006975
7.655332,0.069241,-0.006902,0.069126,-0.006846
7.671999,0.075127,-0.004750,0.075190,-0.004907
7.688665,0.080406,-0.004683,0.080336,-0.004506
7.705332,0.083125,-0.001105,0.083234,-0.001169
7.721999,0.086792,0.001310,0.086803,0.001226
7.738665,0.089675,0.001866,0.089681,0.001955
7.755332,0.091414,0.003509,0.091401,0.003372
7.771999,0.091399,0.002231,0.091284,0.002418
7.788665,0.087750,0.003790,0.087887,0.003657
7.805332,0.084954,0.002409,0.084959,0.002408
7.821999,0.080616,0.000502,0.080468,0.000505
7.838665,0.071934,-0.001448,0.072090,-0.001633
7.855332,0.064211,-0.006002,0.064220,-0.005740
7.871999,0.054518,-0.004517,0.054523,-0.004453
7.888665,0.042455,-0.000511,0.042141,-0.000488
7.905332,0.022719,0.004432,0.022675,0.004478
7.921999,0.001361,0.009598,0.001751,0.009239
7.938665,-0.012620,0.007168,-0.012696,0.007305
7.955332,-0.027021,0.006172,-0.027069,0.006199
7.971999,-0.041465,0.005249,-0.041452,0.005163
7.988665,-0.054868,0.002807,-0.055009,0.003132
8.005332,-0.069612,0.006250,-0.069441,0.005809
8.021999,-0.079620,0.001924,-0.079691,0.002215
8.038665,-0.088820,0.003001,-0.088765,0.002895
8.055332,-0.094774,0.002478,-0.094796,0.002629
8.071999,-0.098632,0.004597,-0.098779,0.004648
8.088665,-0.102256,0.006783,-0.102011,0.006540
8.105332,-0.098408,0.003271,-0.098415,0.003168
8.121999,-0.091734,-0.003214,-0.091782,-0.003093
8.138665,-0.083566,-0.007776,-0.083501,-0.007766
8.155332,-0.072653,-0.011499,-0.072706,-0.011457
8.171999,-0.061752,-0.013333,-0.061811,-0.013296
8.188665,-0.051444,-0.013197,-0.051405,-0.013278
8.205332,-0.040259,-0.013238,-0.040262,-0.013077
8.221999,-0.029128,-0.009384,-0.029134,-0.009457
8.238665,-0.018265,-0.006318,-0.018306,-0.006279
8.255332,-0.008414,-0.002635,-0.008344,-0.002735
8.271999,0.002206,-0.001092,0.002260,-0.001245
8.288665,0.012944,-0.002305,0.012821,-0.002161
8.305332,0.020276,-0.000425,0.020268,-0.000240
8.321999,0.026265,0.005181,0.026139,0.005300
8.338665,0.029220,0.012436,0.029460,0.012007
8.355332,0.036172,0.010625,0.036048,0.010751
8.371999,0.040941,0.009450,0.040953,0.009424
8.388665,0.046030,0.006725,0.046158,0.006653
8.405332,0.053316,0.002347,0.053275,0.002531
8.421999,0.059420,0.001332,0.059349,0.001297
8.438665,0.063453,-0.000146,0.063416,-0.000138
8.455332,0.065962,-0.001434,0.065999,-0.001541
8.471999,0.068452,-0.004596,0.068494,-0.004547
8.488665,0.071014,-0.006618,0.071102,-0.006580
8.505332,0.074126,-0.007427,0.074025,-0.007477
8.521999,0.073850,-0.008296,0.073882,-0.008337
8.538665,0.072120,-0.008775,0.071977,-0.008621
8.555332,0.065854,-0.005425,0.065849,-0.005269
8.571999,0.057902,0.001284,0.058106,0.000932
8.588665,0.052300,0.001817,0.052195,0.001774
8.605332,0.043660,0.001719,0.043536,0.002057
8.621999,0.031838,0.007968,0.031945,0.007864
8.638665,0.021246,0.012543,0.021377,0.012375
8.655332,0.012573,0.013844,0.012309,0.014124
8.671999,-0.001002,0.019571,-0.000878,0.019191
8.688665,-0.012132,0.017810,-0.012187,0.018248
8.705332,-0.023585,0.022817,-0.023307,0.022596
8.721999,-0.029164,0.022046,-0.029609,0.022264
8.738665,-0.041642,0.022779,-0.041303,0.021932
8.755332,-0.046853,0.006627,-0.046896,0.007155
8.771999,-0.051490,-0.000270,-0.051622,-0.000000
8.788665,-0.057142,-0.001335,-0.056972,-0.001482
8.805332,-0.058388,-0.004040,-0.058621,-0.003999
8.821999,-0.062256,-0.005610,-0.061960,-0.005903
8.838665,-0.059373,-0.012076,-0.059463,-0.011807
8.855332,-0.056888,-0.013140,-0.057028,-0.013105
8.871999,-0.056063,-0.012811,-0.055846,-0.013043
8.888665,-0.050895,-0.015733,-0.051013,-0.015609
8.905332,-0.047542,-0.015460,-0.047720,-0.015278
8.921999,-0.046936,-0.010939,-0.046810,-0.011240
8.938665,-0.043212,-0.010765,-0.043086,-0.010700
8.955332,-0.036057,-0.008279,-0.036151,-0.008082
8.971999,-0.029526,-0.001253,-0.029433,-0.001145
8.988665,-0.020462,0.007709,-0.020795,0.007732
9.005332,-0.016222,0.015524,-0.015929,0.014991
9.021999,-0.005269,0.011520,-0.005148,0.011600
9.038665,0.009140,0.007104,0.009109,0.007449
9.055332,0.023352,0.007933,0.023303,0.007654
9.071999,0.035785,0.003452,0.035715,0.003632
9.088665,0.045184,0.002060,0.045126,0.001941
9.105332,0.051474,-0.001384,0.051465,-0.001289
9.121999,0.055816,-0.002969,0.055718,-0.002908
9.138665,0.057230,-0.003425,0.057430,-0.003580
9.155332,0.061344,-0.006515,0.061554,-0.006655
9.171999,0.067836,-0.011406,0.067605,-0.011214
9.188665,0.067860,-0.011325,0.067747,-0.011244
9.205332,0.062928,-0.007816,0.062927,-0.007793
9.221999,0.055352,-0.002239,0.055292,-0.002221
9.238665,0.045116,0.004430,0.045097,0.004453
9.255332,0.034120,0.011287,0.034389,0.011127
9.271999,0.028084,0.014389,0.028157,0.014360
9.288665,0.023281,0.016033,0.023021,0.015956
9.305332,0.013347,0.015770,0.013272,0.016070
9.321999,0.001890,0.020423,0.001841,0.020437
9.338665,-0.009442,0.024351,-0.009281,0.024111
9.355332,-0.015847,0.022537,-0.015502,0.022325
9.371999,-0.014051,0.015821,-0.014318,0.016118
9.388665,-0.015689,0.014000,-0.015885,0.014218
9.405332,-0.020046,0.015895,-0.019812,0.015525
9.421999,-0.019576,0.010907,-0.019539,0.010852
9.438665,-0.017832,0.004786,-0.018088,0.005172
9.455332,-0.020134,0.005661,-0.019940,0.005470
9.471999,-0.018634,0.003306,-0.018484,0.003114
9.488665,-0.014400,-0.002311,-0.014755,-0.001993
9.505332,-0.016904,-0.001818,-0.016573,-0.002147
9.521999,-0.014411,-0.006191,-0.014575,-0.006036
9.538665,-0.015952,-0.006381,-0.016202,-0.006110
9.555332,-0.022729,-0.000532,-0.022543,-0.000640
9.571999,-0.026207,0.003915,-0.026093,0.003590
9.588665,-0.027248,0.002721,-0.027060,0.002798
9.605332,-0.024832,0.003325,-0.025283,0.003703
9.621999,-0.030798,0.011262,-0.030614,0.011042
9.638665,-0.033653,0.015248,-0.033738,0.015375
9.655332,-0.037472,0.020407,-0.037439,0.020201
9.671999,-0.039347,0.020164,-0.039242,0.020066
9.688665,-0.037579,0.016588,-0.037557,0.016685
9.705332,-0.033690,0.013816,-0.033679,0.013824
9.721999,-0.028249,0.010940,-0.028361,0.011037
9.738665,-0.023779,0.009873,-0.023712,0.009757
9.755332,-0.017324,0.006952,-0.017253,0.006991
9.771999,-0.009068,0.004962,-0.009189,0.005110
9.788665,-0.002756,0.005718,-0.002686,0.005550
9.805332,0.004694,0.003439,0.004701,0.003381
9.821999,0.011786,0.000278,0.011814,0.000270
9.838665,0.018418,-0.002330,0.018346,-0.002139
9.855332,0.022434,-0.000481,0.022332,-0.000457
9.871999,0.023303,0.002725,0.023377,0.002524
9.888665,0.024566,0.002906,0.024502,0.003109
9.905332,0.024434,0.006784,0.024438,0.006809
9.921999,0.024531,0.010803,0.024898,0.010410
9.938665,0.031109,0.007492,0.030836,0.007764
9.955332,0.032124,0.009026,0.031978,0.009106
9.971999,0.029623,0.012064,0.029605,0.012151
9.988665,0.026288,0.016228,0.026619,0.015911
10.005332,0.028754,0.013838,0.028596,0.013886
10.021999,0.028136,0.011534,0.028107,0.011623
10.038665,0.026371,0.010470,0.026353,0.010564
10.055332,0.023532,0.010885,0.023550,0.010739
10.071999,0.020347,0.008517,0.020370,0.008419
10.088665,0.017040,0.004418,0.016954,0.004679
10.105332,0.011927,0.005187,0.011929,0.005150
10.121999,0.006731,0.005537,0.007065,0.005267
10.138665,0.007148,0.001407,0.006824,0.001592
10.155332,0.001110,0.001096,0.000964,0.001328
10.171999,-0.008173,0.005320,-0.007873,0.005095
10.188665,-0.012422,0.005544,-0.012428,0.005332
10.205332,-0.016829,0.001911,-0.017152,0.002209
10.221999,-0.026864,0.003924,-0.026546,0.003790
10.238665,-0.030636,0.004178,-0.030863,0.004344
10.255332,-0.037270,0.007966,-0.037068,0.007756
10.271999,-0.038771,0.008455,-0.038793,0.008549
10.288665,-0.039113,0.010985,-0.039154,0.011133
10.305332,-0.038708,0.016090,-0.038753,0.016108
10.321999,-0.037635,0.020635,-0.037581,0.020396
10.338665,-0.034009,0.019347,-0.033985,0.019296
10.355332,-0.028440,0.015679,-0.028332,0.015723
10.371999,-0.019956,0.012048,-0.019992,0.012116
10.388665,-0.011716,0.009443,-0.012069,0.009629
10.405332,-0.009536,0.010098,-0.009173,0.009701
10.421999,-0.000628,0.003758,-0.000539,0.003930
10.438665,0.009823,0.000902,0.009584,0.001118
10.455332,0.015290,0.002499,0.015358,0.002306
10.471999,0.020643,0.001190,0.020651,0.001115
10.488665,0.024573,-0.000939,0.024514,-0.000832
10.505332,0.025786,-0.000334,0.025814,-0.000366
10.521999,0.025900,0.000788,0.025779,0.000935
10.538665,0.022820,0.005262,0.022712,0.005363
10.555332,0.017579,0.011567,0.018068,0.011093
10.571999,0.021198,0.009055,0.020973,0.009291
10.588665,0.020870,0.010391,0.020555,0.010678
10.605332,0.014944,0.016479,0.015388,0.016013
10.621999,0.017218,0.013700,0.016985,0.013940
10.638665,0.015910,0.014510,0.015959,0.014493
10.655332,0.016059,0.014414,0.016157,0.014346
10.671999,0.018290,0.012678,0.018298,0.012654
10.688665,0.020611,0.010245,0.020478,0.010366
10.705332,0.020104,0.009856,0.020134,0.009831
10.721999,0.019593,0.008805,0.019553,0.008833
10.738665,0.018144,0.007644,0.018111,0.007624
10.755332,0.016080,0.005393,0.016465,0.005039
10.771999,0.020514,-0.003337,0.020219,-0.003032
10.788665,0.018462,-0.005734,0.018489,-0.005747
10.805332,0.014925,-0.006650,0.014817,-0.006507
10.821999,0.007504,-0.003457,0.007365,-0.003309
10.838665,-0.003630,0.002941,-0.003347,0.002579
10.855332,-0.010295,0.002628,-0.010235,0.002510
10.871999,-0.016206,-0.000123,-0.016504,0.000260
10.888665,-0.027715,0.003938,-0.027538,0.003751
10.905332,-0.036070,0.004781,-0.036155,0.004769
10.921999,-0.045290,0.005335,-0.045326,0.005455
10.938665,-0.053781,0.007719,-0.053645,0.007589
10.955332,-0.058057,0.007509,-0.057916,0.007391
10.971999,-0.058014,0.005064,-0.058309,0.005412
10.988665,-0.061483,0.008687,-0.061483,0.008581
11.005332,-0.062919,0.010002,-0.062672,0.009734
11.021999,-0.057624,0.005942,-0.057656,0.006129
11.038665,-0.050603,0.004767,-0.050818,0.004846
11.055332,-0.045293,0.004810,-0.045099,0.004637
11.071999,-0.034472,0.001634,-0.034486,0.001781
11.088665,-0.022072,0.000908,-0.021988,0.000825
11.105332,-0.007095,-0.001239,-0.007047,-0.001402
11.121999,0.008774,-0.005844,0.008467,-0.005512
11.138665,0.018612,-0.003876,0.018618,-0.003901
11.155332,0.027976,-0.001897,0.028292,-0.002118
11.171999,0.042491,-0.003788,0.042283,-0.003642
11.188665,0.052645,-0.003123,0.052614,-0.003244
11.205332,0.061423,-0.004563,0.061405,-0.004370
11.221999,0.069008,-0.002329,0.069312,-0.002660
11.238665,0.080909,-0.005559,0.080608,-0.005222
11.255332,0.085997,-0.002292,0.085907,-0.002216
11.271999,0.087925,0.002488,0.088206,0.002114
11.288665,0.093637,0.000201,0.093306,0.000569
11.305332,0.092650,0.003603,0.092958,0.003348
11.321999,0.096372,0.001476,0.096468,0.001411
11.338665,0.100638,-0.002633,0.100292,-0.002427
11.355332,0.097178,-0.003656,0.097248,-0.003718
11.371999,0.093246,-0.006078,0.093547,-0.006306
11.388665,0.092852,-0.012494,0.092546,-0.012201
11.405332,0.084870,-0.013055,0.084959,-0.013237
11.421999,0.076023,-0.015698,0.076027,-0.015565
11.438665,0.064764,-0.014659,0.064686,-0.014548
11.455332,0.049877,-0.010672,0.049847,-0.010764
11.471999,0.032664,-0.007981,0.032749,-0.008048
11.488665,0.015704,-0.006775,0.015682,-0.006656
11.505332,-0.002426,-0.004168,-0.002454,-0.004334
11.521999,-0.021345,-0.005158,-0.021398,-0.005372
11.538665,-0.040789,-0.009955,-0.040774,-0.009592
11.555332,-0.058848,-0.007513,-0.058596,-0.007496
11.571999,-0.070866,-0.003937,-0.071160,-0.003877
11.588665,-0.086511,0.001091,-0.086252,0.000611
11.605332,-0.095812,-0.002428,-0.096184,-0.001850
11.621999,-0.109606,0.004195,-0.109317,0.004028
11.638665,-0.115644,0.007276,-0.115507,0.007081
11.655332,-0.116488,0.005764,-0.116845,0.005985
11.671999,-0.121022,0.006810,-0.120766,0.006491
11.688665,-0.118375,0.001031,-0.118427,0.001286
11.705332,-0.114070,-0.000945,-0.114069,-0.001020
11.721999,-0.107540,-0.004436,-0.107351,-0.004706
11.738665,-0.096071,-0.012180,-0.096450,-0.011713
11.755332,-0.090222,-0.010453,-0.090042,-0.010634
11.771999,-0.080121,-0.010693,-0.080075,-0.010625
11.788665,-0.068140,-0.008673,-0.068180,-0.008863
11.805332,-0.055922,-0.009022,-0.055977,-0.008905
11.821999,-0.043905,-0.006149,-0.043831,-0.005926
11.838665,-0.029960,0.001574,-0.029914,0.001356
11.855332,-0.014678,0.005563,-0.014970,0.005673
11.871999,-0.004064,0.010836,-0.003680,0.010706
11.888665,0.013913,0.012609,0.013778,0.012613
11.905332,0.029806,0.013146,0.029689,0.013161
11.921999,0.043866,0.012620,0.043803,0.012685
11.938665,0.057148,0.012189,0.057561,0.011809
11.955332,0.078062,0.004476,0.077805,0.004918
11.971999,0.094104,0.004683,0.094029,0.004715
11.988665,0.107932,0.005716,0.108077,0.005293
12.005332,0.123101,-0.000554,0.123038,-0.000103
12.021999,0.135532,0.001429,0.135633,0.001232
12.038665,0.147498,0.000129,0.147405,0.000088
12.055332,0.154878,-0.001712,0.154804,-0.001611
12.071999,0.157810,-0.001794,0.157694,-0.001647
12.088665,0.155664,0.000509,0.156074,0.000014
12.105332,0.157815,-0.006227,0.157548,-0.005884
12.121999,0.151926,-0.006776,0.151804,-0.006654
12.138665,0.140308,-0.005020,0.140645,-0.005191
12.155332,0.130977,-0.006182,0.130696,-0.006534
12.171999,0.112908,-0.012931,0.112885,-0.012578
12.188665,0.090993,-0.011673,0.090995,-0.011466
12.205332,0.066446,-0.004904,0.066473,-0.004729
12.221999,0.040633,0.005568,0.040735,0.005089
12.238665,0.015565,0.006534,0.015457,0.006568
12.255332,-0.011788,0.006363,-0.011997,0.006599
12.271999,-0.042129,0.008589,-0.041842,0.008219
12.288665,-0.065504,0.002943,-0.065345,0.002882
12.305332,-0.083634,-0.004109,-0.083883,-0.003683
12.321999,-0.103814,-0.003032,-0.103720,-0.003106
12.338665,-0.120018,-0.002647,-0.119995,-0.002707
12.355332,-0.133466,-0.003309,-0.133493,-0.003281
12.371999,-0.145033,-0.003867,-0.145027,-0.004134
12.388665,-0.154096,-0.009390,-0.154182,-0.009135
12.405332,-0.162093,-0.010104,-0.162011,-0.010102
12.421999,-0.165738,-0.010220,-0.165718,-0.010292
12.438665,-0.165952,-0.010961,-0.165958,-0.010994
12.455332,-0.163216,-0.011455,-0.163234,-0.011444
12.471999,-0.157905,-0.010587,-0.157809,-0.010454
12.488665,-0.148157,-0.006284,-0.148365,-0.006108
12.505332,-0.139363,0.001377,-0.139278,0.001165
12.521999,-0.126102,0.004484,-0.125984,0.004178
12.538665,-0.107825,0.001268,-0.107730,0.001373
12.555332,-0.085337,-0.000202,-0.085723,0.000214
12.571999,-0.067601,0.006242,-0.067306,0.005895
12.588665,-0.042598,0.006649,-0.042605,0.007042
12.605332,-0.016118,0.013208,-0.015956,0.012822
12.621999,0.013894,0.011188,0.013611,0.011174
12.638665,0.038414,0.007196,0.038426,0.007107
12.655332,0.062130,0.000757,0.062213,0.000812
12.671999,0.085930,-0.004281,0.086043,-0.004104
12.688665,0.109763,-0.004942,0.109638,-0.004881
12.705332,0.128678,-0.003357,0.128460,-0.003359
12.721999,0.140642,-0.001172,0.140991,-0.001480
12.738665,0.155862,-0.004389,0.155471,-0.003873
12.755332,0.161290,0.001383,0.161726,0.000814
12.771999,0.171598,-0.003213,0.171341,-0.002999
12.788665,0.174134,-0.003830,0.174179,-0.003832
12.805332,0.173990,-0.003732,0.173986,-0.003668
12.821999,0.170360,-0.001649,0.170141,-0.001360
12.838665,0.159792,0.005697,0.160191,0.005326
12.855332,0.153620,0.005643,0.153399,0.005562
12.871999,0.140872,0.002962,0.140813,0.003188
12.888665,0.124643,0.003337,0.124642,0.003141
12.905332,0.106406,-0.000109,0.106593,-0.000258
12.921999,0.090046,-0.005749,0.089823,-0.005305
12.938665,0.068453,-0.002373,0.068755,-0.002586
12.955332,0.051036,-0.001874,0.050696,-0.001499
12.971999,0.026472,0.005088,0.026624,0.004747
12.988665,0.004023,0.004428,0.003915,0.004283
13.005332,-0.020042,-0.000842,-0.020123,-0.000840
13.021999,-0.044404,-0.007255,-0.043786,-0.007497
13.038665,-0.056552,-0.017421,-0.057006,-0.016919
13.055332,-0.075993,-0.016823,-0.076249,-0.016673
13.071999,-0.099270,-0.011776,-0.098815,-0.012099
13.088665,-0.113278,-0.011642,-0.113463,-0.011540
13.105332,-0.129019,-0.009756,-0.129027,-0.009776
13.121999,-0.143156,-0.008640,-0.143192,-0.008782
13.138665,-0.155948,-0.010383,-0.155846,-0.010328
13.155332,-0.164589,-0.011081,-0.164641,-0.011061
13.171999,-0.171580,-0.010849,-0.171608,-0.010814
13.188665,-0.176237,-0.009180,-0.176218,-0.009094
13.205332,-0.177400,-0.005348,-0.177365,-0.005397
13.221999,-0.174448,-0.002262,-0.174501,-0.002225
13.238665,-0.168708,0.001078,-0.168612,0.000914
13.255332,-0.157532,0.000839,-0.157478,0.000896
13.271999,-0.141799,0.000848,-0.142054,0.001131
13.288665,-0.127243,0.005059,-0.126881,0.004446
13.305332,-0.103170,-0.002221,-0.103371,-0.001951
13.321999,-0.080229,-0.004329,-0.080072,-0.004264
13.338665,-0.052666,-0.004308,-0.053059,-0.003784
13.355332,-0.030715,0.005450,-0.030253,0.004863
13.371999,0.000408,0.003876,0.000414,0.003776
13.388665,0.031459,-0.000668,0.031309,-0.000674
13.405332,0.058348,-0.005654,0.058067,-0.005389
13.421999,0.077895,-0.004981,0.078275,-0.005215
13.438665,0.101737,-0.006900,0.101423,-0.006507
13.455332,0.117752,-0.000532,0.117730,-0.000523
13.471999,0.131379,0.006325,0.131863,0.005897
13.488665,0.151475,0.004963,0.151111,0.005224
13.505332,0.162326,0.007387,0.162342,0.007185
13.521999,0.170050,0.005780,0.170119,0.005817
13.538665,0.175266,0.005062,0.175192,0.005194
13.555332,0.175632,0.007037,0.175366,0.007380
13.571999,0.168194,0.014881,0.168737,0.014264
13.588665,0.167942,0.010509,0.167474,0.010906
13.605332,0.157196,0.011390,0.157475,0.011149
13.621999,0.149138,0.006304,0.149386,0.006064
13.638665,0.142562,-0.003798,0.142095,-0.003483
13.655332,0.124102,-0.007610,0.124137,-0.007808
13.671999,0.102834,-0.013102,0.102751,-0.012613
13.688665,0.077878,-0.008043,0.077909,-0.008042
13.705332,0.052481,-0.002096,0.053062,-0.002753
13.721999,0.036668,-0.007812,0.036182,-0.007291
13.738665,0.011127,-0.004540,0.010810,-0.004505
13.755332,-0.020685,-0.001078,-0.020389,-0.001533
13.771999,-0.046636,-0.005932,-0.046291,-0.005924
13.788665,-0.064610,-0.010287,-0.065325,-0.009601
13.805332,-0.092860,-0.001534,-0.092066,-0.002193
13.821999,-0.104284,-0.003791,-0.104599,-0.003417
13.838665,-0.118840,0.000888,-0.118940,0.000747
13.855332,-0.132939,0.002993,-0.132883,0.002953
13.871999,-0.143750,0.004137,-0.143763,0.004269
13.888665,-0.151878,0.006917,-0.152033,0.006997
13.905332,-0.159296,0.009985,-0.158827,0.009482
13.921999,-0.154693,0.002917,-0.155037,0.003290
13.938665,-0.152708,0.001725,-0.152737,0.001770
13.955332,-0.148075,0.001208,-0.147649,0.000770
13.971999,-0.133150,-0.006832,-0.133606,-0.006098
13.988665,-0.124206,-0.001439,-0.124034,-0.001954
14.005332,-0.110378,-0.005126,-0.110496,-0.004993
14.021999,-0.096877,-0.006352,-0.096690,-0.006598
14.038665,-0.078268,-0.011404,-0.078373,-0.011037
14.055332,-0.060146,-0.008658,-0.060019,-0.008838
14.071999,-0.039196,-0.007422,-0.039099,-0.007475
14.088665,-0.016840,-0.005530,-0.017407,-0.004946
14.105332,-0.005418,0.007558,-0.004863,0.007006
14.121999,0.015227,0.010135,0.014762,0.010437
14.138665,0.027403,0.016118,0.027748,0.015652
14.155332,0.045898,0.011599,0.045864,0.011591
14.171999,0.063884,0.005791,0.063829,0.005974
14.188665,0.080698,0.003496,0.080709,0.003664
14.205332,0.096992,0.005257,0.097146,0.005183
14.221999,0.114667,0.006567,0.114512,0.006684
14.238665,0.127506,0.009991,0.127445,0.009946
14.255332,0.136771,0.011787,0.136793,0.011514
14.271999,0.143916,0.007651,0.143950,0.007702
14.288665,0.149434,0.003534,0.149263,0.003996
14.305332,0.149687,0.006998,0.150307,0.006292
14.321999,0.158325,-0.002789,0.157629,-0.002202
14.338665,0.151072,-0.002564,0.151467,-0.003088
14.355332,0.146806,-0.011387,0.146535,-0.011192
14.371999,0.133536,-0.015354,0.133651,-0.015201
14.388665,0.118495,-0.014595,0.118317,-0.014423
14.405332,0.096748,-0.008874,0.097226,-0.009175
14.421999,0.080245,-0.007266,0.079584,-0.007167
14.438665,0.049197,-0.003374,0.049346,-0.003058
14.455332,0.019128,0.005743,0.019455,0.005362
14.471999,-0.005326,0.006446,-0.005803,0.006629
14.488665,-0.037265,0.008232,-0.036709,0.007521
14.505332,-0.057618,-0.003922,-0.057812,-0.003413
14.521999,-0.079621,-0.006433,-0.079672,-0.006232
14.538665,-0.100771,-0.003711,-0.100743,-0.003634
14.555332,-0.119554,0.001572,-0.119655,0.001507
14.571999,-0.137660,0.005513,-0.137643,0.005263
14.588665,-0.152141,0.003817,-0.152058,0.003927
14.605332,-0.161140,0.002740,-0.161041,0.002641
14.621999,-0.164216,-0.000977,-0.164209,-0.000985
14.638665,-0.163452,-0.004948,-0.163473,-0.004927
14.655332,-0.160084,-0.007797,-0.160110,-0.007740
14.671999,-0.154850,-0.008259,-0.154920,-0.008146
14.688665,-0.148570,-0.005481,-0.148841,-0.005265
14.705332,-0.144252,0.001533,-0.143764,0.001051
14.721999,-0.127802,-0.000543,-0.127916,-0.000355
14.738665,-0.110207,0.000161,-0.110061,-0.000088
14.755332,-0.087882,-0.003246,-0.088124,-0.003131
14.771999,-0.068834,-0.003145,-0.068847,-0.002798
14.788665,-0.049334,0.004597,-0.049423,0.004851
14.805332,-0.030446,0.016760,-0.030275,0.016278
14.821999,-0.007434,0.018223,-0.007134,0.017973
14.838665,0.021318,0.012472,0.020942,0.012550
14.855332,0.042612,0.006465,0.042603,0.006474
14.871999,0.062169,0.000709,0.062272,0.000914
14.888665,0.081670,-0.000249,0.081632,-0.000097
14.905332,0.098409,0.002538,0.098420,0.002414
14.921999,0.112942,0.003290,0.112907,0.003259
14.938665,0.124198,0.002986,0.124184,0.002725
14.955332,0.132648,-0.002555,0.132474,-0.002137
14.971999,0.135632,-0.000935,0.136164,-0.001269
14.988665,0.145494,-0.005202,0.145177,-0.005156
15.005332,0.146375,-0.008161,0.146271,-0.008004
15.021999,0.141466,-0.007532,0.141498,-0.007512
15.038665,0.133335,-0.005810,0.133237,-0.005903
15.055332,0.120598,-0.005409,0.120539,-0.005337
15.071999,0.104829,-0.003464,0.105419,-0.003846
15.088665,0.097966,-0.007779,0.097331,-0.007135
15.105332,0.077958,0.000407,0.078351,-0.000215
15.121999,0.063037,-0.001316,0.062649,-0.000723
15.138665,0.039898,0.008033,0.039913,0.008169
15.155332,0.016878,0.018922,0.017299,0.018142
15.171999,0.001866,0.013952,0.001818,0.014251
15.188665,-0.013541,0.012388,-0.013903,0.012402
15.205332,-0.035022,0.009788,-0.034974,0.010005
15.221999,-0.054562,0.009833,-0.054443,0.009745
15.238665,-0.069991,0.007006,-0.069666,0.006244
15.255332,-0.077508,-0.009945,-0.077806,-0.009008
15.271999,-0.088831,-0.009393,-0.088846,-0.009670
15.288665,-0.099499,-0.012027,-0.099402,-0.012174
15.305332,-0.107784,-0.015285,-0.107806,-0.014959
15.321999,-0.115730,-0.011249,-0.116058,-0.011002
15.338665,-0.128469,-0.002294,-0.127976,-0.003058
15.355332,-0.130941,-0.007282,-0.131213,-0.006965
15.371999,-0.136500,-0.006932,-0.136520,-0.006819
15.388665,-0.140368,-0.004446,-0.140314,-0.004534
15.405332,-0.140889,-0.003190,-0.140775,-0.003241
15.421999,-0.136955,-0.002388,-0.136839,-0.002437
15.438665,-0.128918,-0.001939,-0.129354,-0.001433
15.455332,-0.126773,0.007504,-0.126622,0.007133
15.471999,-0.119452,0.009462,-0.119446,0.009090
15.488665,-0.108565,0.004006,-0.108426,0.004126
15.505332,-0.091274,0.000803,-0.091154,0.001561
15.521999,-0.068466,0.011687,-0.068443,0.010984
15.538665,-0.043030,0.010007,-0.043329,0.010230
15.555332,-0.021980,0.011665,-0.021586,0.011496
15.571999,0.005948,0.009491,0.005608,0.009836
15.588665,0.026923,0.012475,0.026858,0.012243
15.605332,0.045659,0.009932,0.045740,0.009754
15.621999,0.065014,0.003060,0.065147,0.002996
15.638665,0.085746,-0.004769,0.086001,-0.004765
15.655332,0.109198,-0.010877,0.108525,-0.010059
15.671999,0.117840,-0.000466,0.118463,-0.001163
15.688665,0.134087,-0.001423,0.133732,-0.001323
15.705332,0.140083,-0.000374,0.140068,-0.000357
15.721999,0.142095,0.000734,0.141802,0.001043
15.738665,0.135908,0.006742,0.136554,0.006153
15.755332,0.138886,0.001308,0.138711,0.001591
15.771999,0.135996,0.000271,0.135949,0.000194
15.788665,0.128674,-0.002119,0.128418,-0.002029
15.805332,0.113138,-0.002466,0.113063,-0.002373
15.821999,0.093708,-0.000654,0.093993,-0.000953
15.838665,0.078001,-0.003584,0.078133,-0.003305
15.855332,0.063731,-0.001098,0.063540,-0.000861
15.871999,0.044730,0.005526,0.044923,0.004966
15.888665,0.027650,0.001369,0.026983,0.001728
15.905332,-0.001946,0.002466,-0.001552,0.002264
15.921999,-0.023398,-0.001092,-0.023204,-0.001010
15.938665,-0.039258,-0.003880,-0.038890,-0.004046
15.955332,-0.047072,-0.009648,-0.047544,-0.009632
15.971999,-0.063033,-0.014156,-0.063439,-0.013926
15.988665,-0.086110,-0.012652,-0.085528,-0.012890
16.005332,-0.097542,-0.013328,-0.098031,-0.012631
16.021999,-0.114964,-0.000484,-0.114498,-0.001032
16.038665,-0.120842,0.002420,-0.120551,0.002057
16.055332,-0.118828,-0.001970,-0.119528,-0.001236
16.071999,-0.127287,0.005791,-0.127068,0.005401
16.088665,-0.130120,0.005722,-0.129801,0.005427
16.105332,-0.125318,-0.000473,-0.125906,0.000195
16.121999,-0.128607,0.004302,-0.128275,0.003976
16.138665,-0.123145,0.002129,-0.122978,0.001873
16.155332,-0.111764,-0.005730,-0.111844,-0.005556
16.171999,-0.099300,-0.011117,-0.099444,-0.010903
16.188665,-0.087820,-0.012297,-0.087438,-0.013046
16.205332,-0.068828,-0.025290,-0.069341,-0.024366
16.221999,-0.058912,-0.019546,-0.058686,-0.019637
16.238665,-0.045065,-0.013675,-0.045166,-0.013758
16.255332,-0.032902,-0.008941,-0.032831,-0.009250
16.271999,-0.019116,-0.010214,-0.019059,-0.010328
16.288665,-0.004078,-0.013487,-0.004083,-0.013076
16.305332,0.010454,-0.008661,0.010676,-0.008644
16.321999,0.027743,-0.003113,0.027084,-0.002981
16.338665,0.032016,0.003965,0.032229,0.003458
16.355332,0.039534,0.000346,0.039984,0.000358
16.371999,0.055070,-0.004350,0.054813,-0.004089
16.388665,0.065598,-0.004525,0.065687,-0.004839
16.405332,0.076421,-0.009377,0.076125,-0.008909
16.421999,0.080122,-0.004464,0.080545,-0.004732
16.438665,0.089553,-0.003210,0.088914,-0.002812
16.455332,0.086295,0.005218,0.086708,0.004893
16.471999,0.089979,0.006616,0.089976,0.006560
16.488665,0.093578,0.005265,0.093880,0.005002
16.505332,0.101889,-0.001970,0.101630,-0.001628
16.521999,0.103517,-0.003078,0.103455,-0.003228
16.538665,0.100983,-0.005778,0.100901,-0.005682
16.555332,0.093793,-0.005275,0.093781,-0.005025
16.571999,0.083840,0.000815,0.083810,0.000645
16.588665,0.071454,0.004459,0.071859,0.004062
16.605332,0.064561,0.001313,0.064152,0.001991
16.621999,0.048560,0.010399,0.048552,0.010056
16.638665,0.030751,0.013372,0.030968,0.013079
16.655332,0.015392,0.011326,0.015429,0.011592
16.671999,-0.000462,0.014314,-0.000952,0.015028
16.688665,-0.025784,0.029288,-0.025322,0.028647
16.705332,-0.042610,0.030135,-0.042966,0.029744
16.721999,-0.064299,0.020814,-0.063950,0.020577
16.738665,-0.077308,0.005862,-0.077471,0.006662
16.755332,-0.090455,0.006092,-0.090135,0.005971
16.771999,-0.095695,0.006050,-0.095680,0.005816
16.788665,-0.099491,0.003253,-0.100166,0.003846
16.805332,-0.114258,0.011127,-0.114085,0.010765
16.821999,-0.123464,0.011071,-0.123360,0.010868
16.838665,-0.126827,0.005427,-0.126006,0.004872
16.855332,-0.111845,-0.010859,-0.112462,-0.009950
16.871999,-0.106050,-0.009961,-0.106226,-0.009968
16.888665,-0.102826,-0.008010,-0.103068,-0.008100
16.905332,-0.102622,-0.007661,-0.102435,-0.007924
16.921999,-0.096102,-0.012735,-0.095579,-0.013030
16.938665,-0.076989,-0.022817,-0.076851,-0.022497
16.955332,-0.053791,-0.025615,-0.054451,-0.024957
16.971999,-0.042872,-0.014935,-0.042675,-0.015668
16.988665,-0.029730,-0.016504,-0.030120,-0.016410
17.005332,-0.023975,-0.015802,-0.023609,-0.016170
17.021999,-0.010971,-0.020298,-0.010689,-0.019306
17.038665,0.007842,-0.005729,0.007672,-0.005837
17.055332,0.023427,0.006502,0.023293,0.005867
17.071999,0.035346,0.005193,0.035297,0.004989
17.088665,0.044723,-0.001862,0.044856,-0.001589
17.105332,0.055056,-0.004778,0.054750,-0.004223
17.121999,0.058882,0.002173,0.059394,0.001546
17.138665,0.070914,-0.002484,0.070582,-0.002253
17.155332,0.075887,-0.003785,0.075937,-0.003949
17.171999,0.080304,-0.008277,0.080413,-0.008358
17.188665,0.085064,-0.013575,0.084805,-0.013172
17.205332,0.083466,-0.010305,0.083964,-0.010719
17.221999,0.088526,-0.012687,0.088114,-0.012264
17.238665,0.083693,-0.006277,0.083427,-0.006100
17.255332,0.072136,0.003248,0.072368,0.002758
17.271999,0.064026,0.002941,0.064290,0.002661
17.288665,0.060708,-0.003129,0.060793,-0.002862
17.305332,0.058286,-0.003570,0.058191,-0.003415
17.321999,0.052199,0.000837,0.051830,0.001106
17.338665,0.037188,0.011793,0.037085,0.011589
17.355332,0.019364,0.019282,0.019414,0.019417
17.371999,0.003793,0.027452,0.004180,0.027264
17.388665,-0.002152,0.029436,-0.001769,0.028940
17.405332,0.000925,0.020047,0.000318,0.020496
17.421999,-0.006288,0.017594,-0.005996,0.017433
17.438665,-0.009105,0.012458,-0.009434,0.012982
17.455332,-0.018605,0.016669,-0.018843,0.016535
17.471999,-0.032017,0.017492,-0.031506,0.016747
17.488665,-0.034840,0.003917,-0.034735,0.004297
17.505332,-0.034284,-0.002899,-0.034382,-0.002575
17.521999,-0.035004,-0.003016,-0.035180,-0.002966
17.538665,-0.039533,-0.001447,-0.039410,-0.001987
17.555332,-0.042760,-0.009087,-0.043191,-0.008822
17.571999,-0.053842,-0.011327,-0.053510,-0.011137
17.588665,-0.058115,-0.009154,-0.057903,-0.009331
17.605332,-0.057318,-0.009186,-0.057433,-0.009159
17.621999,-0.057774,-0.008025,-0.057814,-0.008060
17.638665,-0.058724,-0.006889,-0.058993,-0.006743
17.655332,-0.063998,-0.002756,-0.063867,-0.002825
17.671999,-0.065466,0.000078,-0.065363,0.000063
17.688665,-0.062741,0.002206,-0.062621,0.002058
17.705332,-0.055399,0.001218,-0.055415,0.001386
17.721999,-0.046464,0.002856,-0.046573,0.002888
17.738665,-0.038072,0.004474,-0.038245,0.004525
17.755332,-0.031261,0.006084,-0.031058,0.005616
17.771999,-0.019178,-0.001302,-0.018840,-0.001053
17.788665,0.000193,-0.004228,-0.000346,-0.003769
17.805332,0.010313,0.001176,0.010660,0.000777
17.821999,0.026086,-0.000910,0.025979,-0.001055
17.838665,0.038709,-0.006101,0.038681,-0.006116
17.855332,0.048996,-0.011286,0.048944,-0.011038
17.871999,0.056322,-0.011099,0.056108,-0.010809
17.888665,0.058160,-0.005046,0.058572,-0.005631
17.905332,0.065994,-0.009234,0.065866,-0.009102
17.921999,0.070049,-0.010758,0.069979,-0.010635
17.938665,0.070935,-0.009136,0.070961,-0.009161
17.955332,0.070126,-0.006696,0.070060,-0.006550
17.971999,0.066060,-0.000642,0.066147,-0.000823
17.988665,0.061828,0.002621,0.061538,0.002826
18.005332,0.051294,0.009314,0.051698,0.009156
18.021999,0.047421,0.012316,0.047207,0.012319
18.038665,0.039578,0.014196,0.039564,0.014039
18.055332,0.031574,0.012331,0.031744,0.012456
18.071999,0.026692,0.012327,0.026719,0.012347
18.088665,0.022004,0.012686,0.021910,0.012802
18.105332,0.014927,0.014881,0.014703,0.014914
18.121999,0.003226,0.016860,0.003427,0.016514
18.138665,-0.004706,0.011470,-0.004928,0.011765
18.155332,-0.015679,0.010354,-0.015036,0.010014
18.171999,-0.014159,0.002759,-0.014776,0.003154
18.188665,-0.023160,0.002502,-0.022800,0.002061
18.205332,-0.025754,-0.004637,-0.026051,-0.004220
18.221999,-0.033701,-0.002878,-0.033635,-0.002940
18.238665,-0.040102,-0.000895,-0.040023,-0.000819
18.255332,-0.044286,0.002993,-0.044327,0.002949
18.271999,-0.048038,0.005815,-0.047991,0.005473
18.288665,-0.049659,0.002047,-0.049707,0.002355
18.305332,-0.050750,0.003508,-0.050722,0.003541
18.321999,-0.049818,0.005480,-0.049843,0.005278
18.338665,-0.047679,0.003839,-0.047635,0.003868
18.355332,-0.042960,0.002705,-0.043037,0.003063
18.371999,-0.037962,0.007961,-0.037577,0.007370
18.388665,-0.024934,0.002499,-0.025445,0.003104
18.405332,-0.020368,0.007406,-0.020179,0.007009
18.421999,-0.011981,0.004658,-0.011925,0.004652
18.438665,-0.002274,0.001490,-0.002188,0.001519
18.455332,0.008792,-0.000944,0.008720,-0.000817
18.471999,0.017787,-0.000612,0.017441,-0.000397
18.488665,0.019960,0.003461,0.020122,0.003208
18.505332,0.024996,0.002274,0.025451,0.001857
18.521999,0.038315,-0.006949,0.037930,-0.006397
18.538665,0.044216,-0.006039,0.044421,-0.006288
18.555332,0.052183,-0.008515,0.051935,-0.008353
18.571999,0.053669,-0.006914,0.053623,-0.006895
18.588665,0.052599,-0.004113,0.052677,-0.004162
18.605332,0.051921,-0.001820,0.051924,-0.001780
18.621999,0.050930,0.001099,0.051122,0.000913
18.638665,0.052982,0.000634,0.052940,0.000624
18.655332,0.053307,0.000471,0.053216,0.000583
18.671999,0.050606,0.003111,0.050300,0.003553
18.688665,0.041529,0.013687,0.041709,0.013346
18.705332,0.035867,0.016843,0.036156,0.016505
18.721999,0.036186,0.011999,0.036160,0.012102
18.738665,0.036304,0.007862,0.036328,0.007832
18.755332,0.035788,0.003588,0.035607,0.003865
18.771999,0.029925,0.005498,0.029849,0.005596
18.788665,0.020550,0.009995,0.020360,0.009945
18.805332,0.006616,0.013274,0.006856,0.013088
18.821999,-0.002947,0.011958,-0.002781,0.011881
18.838665,-0.008958,0.008022,-0.008946,0.007964
18.855332,-0.014700,0.002739,-0.014758,0.002827
18.871999,-0.022274,-0.000224,-0.022547,0.000027
18.888665,-0.035653,0.002405,-0.035611,0.002327
18.905332,-0.048471,0.004309,-0.048330,0.004224
18.921999,-0.057776,0.004632,-0.057956,0.004665
18.938665,-0.068244,0.005094,-0.067955,0.004947
18.955332,-0.071081,0.002542,-0.071033,0.002674
18.971999,-0.070965,0.002264,-0.070997,0.002174
18.988665,-0.069908,0.000431,-0.070412,0.000739
19.005332,-0.076309,0.004007,-0.075830,0.003565
19.021999,-0.072092,-0.000394,-0.072054,-0.000337
19.038665,-0.064736,-0.003677,-0.065017,-0.003159
19.055332,-0.059934,0.002265,-0.059729,0.001841
19.071999,-0.049286,0.000534,-0.049152,0.000067
19.088665,-0.034502,-0.009126,-0.034683,-0.008383
19.105332,-0.021864,-0.004619,-0.021947,-0.004291
19.121999,-0.010008,0.006002,-0.009949,0.005254
19.138665,0.003632,0.002147,0.003700,0.002161
19.155332,0.019300,-0.003065,0.019267,-0.002921
19.171999,0.034778,-0.006609,0.035033,-0.006534
19.188665,0.054068,-0.008754,0.053961,-0.009015
19.205332,0.069338,-0.014789,0.068957,-0.014518
19.221999,0.075060,-0.014761,0.075086,-0.014650
19.238665,0.079065,-0.011658,0.079213,-0.011717
19.255332,0.084534,-0.009149,0.084753,-0.009373
19.271999,0.092962,-0.010556,0.092918,-0.010574
19.288665,0.098945,-0.011918,0.098768,-0.011642
19.305332,0.099333,-0.007698,0.099304,-0.007731
19.321999,0.096635,-0.003629,0.096614,-0.003778
19.338665,0.091528,-0.002306,0.091560,-0.002196
19.355332,0.085718,0.000425,0.085746,0.000438
19.371999,0.079537,0.002672,0.079774,0.002349
19.388665,0.076448,-0.001209,0.076293,-0.001036
19.405332,0.068790,-0.001675,0.068661,-0.001450
19.421999,0.056600,0.002548,0.056588,0.002505
19.438665,0.042212,0.006291,0.042237,0.006192
19.455332,0.027060,0.007811,0.027026,0.007781
19.471999,0.010842,0.007945,0.011022,0.007957
19.488665,-0.002310,0.007318,-0.002309,0.007419
19.505332,-0.015601,0.007436,-0.015854,0.007267
19.521999,-0.033686,0.003900,-0.033361,0.003486
19.538665,-0.046078,-0.006679,-0.046505,-0.005799
19.555332,-0.065717,-0.000396,-0.065353,-0.000736
19.571999,-0.077836,0.000739,-0.078087,0.000804
19.588665,-0.092892,0.003235,-0.092564,0.002766
19.605332,-0.100362,-0.002473,-0.100582,-0.002041
19.621999,-0.110155,0.000263,-0.110089,0.000334
19.638665,-0.117196,0.004944,-0.117333,0.005018
19.655332,-0.124710,0.010589,-0.124728,0.010400
19.671999,-0.129904,0.011359,-0.129608,0.011104
19.688665,-0.126583,0.005689,-0.126919,0.006026
19.705332,-0.125874,0.004506,-0.125411,0.004221
19.721999,-0.114008,-0.002529,-0.114197,-0.002479
19.738665,-0.103400,-0.008625,-0.103663,-0.008451
19.755332,-0.096004,-0.010772,-0.095681,-0.010975
19.771999,-0.081706,-0.015239,-0.081877,-0.014840
19.788665,-0.069264,-0.011528,-0.069441,-0.011697
19.805332,-0.058449,-0.010365,-0.058254,-0.010624
19.821999,-0.042356,-0.013473,-0.042037,-0.013527
19.838665,-0.019116,-0.016747,-0.019422,-0.016147
19.855332,-0.000976,-0.008285,-0.000922,-0.008646
19.871999,0.017503,-0.005950,0.017294,-0.005813
19.888665,0.031543,-0.002038,0.031542,-0.002189
19.905332,0.045354,-0.002277,0.045684,-0.002598
19.921999,0.065016,-0.009178,0.064961,-0.008845
19.938665,0.083076,-0.010092,0.082983,-0.010042
19.955332,0.097867,-0.009157,0.097814,-0.009387
19.971999,0.109444,-0.010733,0.109438,-0.010607
19.988665,0.118643,-0.008330,0.118502,-0.007821
20.005332,0.123638,0.003868,0.123695,0.003770
20.021999,0.128719,0.012906,0.128970,0.012311
20.038665,0.137597,0.008470,0.137605,0.008258
20.055332,0.145264,-0.001835,0.145234,-0.001541
20.071999,0.149739,-0.006963,0.149694,-0.006517
20.088665,0.149470,-0.003046,0.149400,-0.003297
20.105332,0.143422,-0.002828,0.143147,-0.002914
20.121999,0.128326,-0.003878,0.128516,-0.004024
20.138665,0.113358,-0.007006,0.113571,-0.006811
20.155332,0.099496,-0.005501,0.099371,-0.005398
20.171999,0.080730,-0.000837,0.080591,-0.000870
20.188665,0.056842,0.004197,0.056900,0.004051
20.205332,0.031707,0.007179,0.031862,0.007248
20.221999,0.007873,0.011189,0.007279,0.011879
20.238665,-0.026782,0.025850,-0.026154,0.024855
20.255332,-0.049160,0.020032,-0.049246,0.019798
20.271999,-0.071202,0.008168,-0.071289,0.008569
20.288665,-0.092666,0.003651,-0.092717,0.004210
20.305332,-0.112724,0.010396,-0.112579,0.010030
20.321999,-0.127474,0.011205,-0.127567,0.011086
20.338665,-0.140824,0.009535,-0.140829,0.009531
20.355332,-0.150928,0.007272,-0.150838,0.007370
20.371999,-0.155778,0.006232,-0.155953,0.006491
20.388665,-0.159843,0.008875,-0.159533,0.008366
20.405332,-0.154506,0.001249,-0.154651,0.001254
20.421999,-0.148195,-0.006859,-0.148269,-0.006678
20.438665,-0.140022,-0.011170,-0.139908,-0.011073
20.455332,-0.126918,-0.012537,-0.126967,-0.012463
20.471999,-0.111960,-0.011656,-0.112005,-0.011792
20.488665,-0.095124,-0.012900,-0.095175,-0.012923
20.505332,-0.076554,-0.014366,-0.076244,-0.014596
20.521999,-0.050136,-0.019118,-0.050331,-0.018855
20.538665,-0.025736,-0.017653,-0.025626,-0.017419
20.555332,0.001011,-0.010752,0.000831,-0.010717
20.571999,0.024189,-0.003343,0.024181,-0.003664
20.588665,0.046657,-0.003090,0.046692,-0.003303
20.605332,0.069146,-0.008084,0.069301,-0.007967
20.621999,0.093538,-0.011432,0.093414,-0.011156
20.638665,0.114273,-0.009449,0.114285,-0.009584
20.655332,0.133112,-0.009151,0.133146,-0.009351
20.671999,0.149813,-0.011465,0.149851,-0.011210
20.688665,0.163887,-0.008217,0.163658,-0.007906
20.705332,0.170446,0.000880,0.170391,0.000550
20.721999,0.172978,0.003256,0.173314,0.002942
20.738665,0.178812,-0.001118,0.178733,-0.000960
20.755332,0.180267,-0.002959,0.180241,-0.002848
20.771999,0.177758,-0.002146,0.177535,-0.001923
20.788665,0.167471,0.003479,0.167793,0.003125
20.805332,0.159270,0.003094,0.158941,0.003492
20.821999,0.141867,0.009486,0.142032,0.009067
20.838665,0.124590,0.007685,0.124489,0.007896
20.855332,0.103378,0.009048,0.103459,0.008749
20.871999,0.082218,0.005180,0.082191,0.005404
20.888665,0.059662,0.006255,0.059808,0.006413
20.905332,0.038911,0.011217,0.038876,0.011307
20.921999,0.016687,0.017853,0.016378,0.017845
20.938665,-0.011314,0.022743,-0.011326,0.022439
20.955332,-0.038569,0.019550,-0.038115,0.019396
20.971999,-0.055640,0.011192,-0.055843,0.011361
20.988665,-0.074058,0.004942,-0.073897,0.004597
21.005332,-0.087846,-0.006376,-0.088073,-0.005798
21.021999,-0.104416,-0.005019,-0.104289,-0.004947
21.038665,-0.117528,-0.000223,-0.117709,-0.000253
21.055332,-0.132375,0.004830,-0.132262,0.004552
21.071999,-0.143089,0.004344,-0.143183,0.004440
21.088665,-0.152582,0.004377,-0.152533,0.004392
21.105332,-0.157774,0.003578,-0.157424,0.003273
21.121999,-0.153364,-0.003191,-0.153756,-0.002862
21.138665,-0.152992,-0.003907,-0.152928,-0.003973
21.155332,-0.148838,-0.005109,-0.148661,-0.005120
21.171999,-0.138864,-0.005950,-0.139184,-0.005637
21.188665,-0.131588,-0.001466,-0.131488,-0.001738
21.205332,-0.118994,-0.002990,-0.118825,-0.003224
21.221999,-0.099756,-0.009621,-0.099435,-0.009944
21.238665,-0.072064,-0.021300,-0.072541,-0.020574
21.255332,-0.051618,-0.017619,-0.051467,-0.017555
21.271999,-0.028184,-0.010418,-0.028402,-0.010390
21.288665,-0.008284,-0.002269,-0.008310,-0.002335
21.305332,0.012083,0.002888,0.012527,0.002374
21.321999,0.041337,-0.003717,0.041183,-0.003680
21.338665,0.067924,-0.011144,0.067950,-0.011105
21.355332,0.093554,-0.017238,0.093476,-0.017011
21.371999,0.115056,-0.017093,0.114964,-0.016894
21.388665,0.131744,-0.011232,0.131489,-0.011145
21.405332,0.141154,-0.002970,0.141502,-0.003325
21.421999,0.154694,-0.001628,0.154791,-0.001611
21.438665,0.167868,-0.001143,0.167785,-0.001192
21.455332,0.176626,-0.002225,0.176624,-0.002307
21.471999,0.181476,-0.004507,0.181279,-0.004295
21.488665,0.178514,-0.001994,0.178669,-0.001953
21.505332,0.173998,0.002320,0.173988,0.002387
21.521999,0.165200,0.008050,0.164954,0.008139
21.538665,0.148486,0.014326,0.148597,0.013938
21.555332,0.131081,0.011952,0.131277,0.011867
21.571999,0.115171,0.006968,0.115085,0.007007
21.588665,0.095746,0.003211,0.095856,0.003381
21.605332,0.075990,0.004270,0.075695,0.004661
21.621999,0.048916,0.013652,0.048823,0.013610
21.638665,0.019341,0.021607,0.019464,0.021405
21.655332,-0.007275,0.023217,-0.006960,0.022710
21.671999,-0.026834,0.012950,-0.026663,0.012831
21.688665,-0.042622,-0.000145,-0.043091,0.000390
21.705332,-0.067044,-0.001758,-0.067086,-0.001691
21.721999,-0.092264,0.000644,-0.092434,0.001085
21.738665,-0.118756,0.012061,-0.118614,0.011827
21.755332,-0.138771,0.017813,-0.138324,0.017079
21.771999,-0.145933,0.007783,-0.145927,0.007928
21.788665,-0.148961,-0.001157,-0.149040,-0.001054
21.805332,-0.151024,-0.007569,-0.151391,-0.007124
21.821999,-0.158258,-0.004220,-0.158073,-0.004432
21.838665,-0.160744,-0.003073,-0.160789,-0.003156
21.855332,-0.161784,-0.002657,-0.161976,-0.002399
21.871999,-0.162822,0.002109,-0.162657,0.001998
21.888665,-0.156546,0.003825,-0.156124,0.003462
21.905332,-0.138549,-0.002140,-0.138629,-0.002062
21.921999,-0.119125,-0.007183,-0.119531,-0.006879
21.938665,-0.105433,-0.006359,-0.105353,-0.006572
21.955332,-0.089084,-0.008408,-0.089076,-0.008345
21.971999,-0.070844,-0.008369,-0.070785,-0.008216
21.988665,-0.049483,-0.004961,-0.049293,-0.004982
22.005332,-0.023162,-0.001991,-0.023165,-0.002072
22.021999,0.003398,-0.001268,0.003307,-0.001421
22.038665,0.027194,-0.004240,0.027049,-0.004209
22.055332,0.046346,-0.007133,0.046364,-0.007059
22.071999,0.063686,-0.008669,0.063588,-0.008506
22.088665,0.077582,-0.007148,0.077761,-0.007391
22.105332,0.093273,-0.009717,0.093386,-0.009865
22.121999,0.109250,-0.014218,0.109159,-0.013831
22.138665,0.121018,-0.010426,0.120981,-0.010639
22.155332,0.128740,-0.008815,0.128637,-0.008571
22.171999,0.131178,-0.001862,0.130982,-0.001777
22.188665,0.127476,0.006357,0.127722,0.006037
22.205332,0.126470,0.007558,0.126699,0.007476
22.221999,0.128034,0.005774,0.127910,0.005864
22.238665,0.125100,0.004610,0.125072,0.004683
22.255332,0.118446,0.004259,0.118262,0.004338
22.271999,0.105103,0.005066,0.105089,0.004652
22.288665,0.088764,-0.001299,0.088807,-0.000955
22.305332,0.071477,-0.000697,0.071582,-0.000567
22.321999,0.055012,0.003277,0.055159,0.003102
22.338665,0.039964,0.004763,0.039875,0.004869
22.355332,0.021535,0.008050,0.021358,0.008015
22.371999,-0.002024,0.010018,-0.002131,0.009951
22.388665,-0.028603,0.009618,-0.028602,0.009707
22.405332,-0.054664,0.009366,-0.054470,0.009116
22.421999,-0.075421,0.003698,-0.075213,0.003543
22.438665,-0.090352,-0.004425,-0.090440,-0.004043
22.455332,-0.105374,-0.004163,-0.105537,-0.004042
22.471999,-0.122440,0.000127,-0.122447,0.000031
22.488665,-0.138608,0.003717,-0.138734,0.003813
22.505332,-0.155083,0.008714,-0.154932,0.008541
22.521999,-0.165876,0.009406,-0.165774,0.009266
22.538665,-0.171277,0.006235,-0.171289,0.006304
22.555332,-0.173293,0.003498,-0.173366,0.003504
22.571999,-0.173214,0.000894,-0.173180,0.000917
22.588665,-0.169373,-0.000628,-0.169227,-0.000581
22.605332,-0.159934,-0.000568,-0.160323,-0.000285
22.621999,-0.154281,0.004563,-0.154077,0.004323
22.638665,-0.141421,0.004401,-0.141256,0.004203
22.655332,-0.121736,-0.000759,-0.121929,-0.000763
22.671999,-0.101914,-0.006603,-0.101528,-0.006786
22.688665,-0.072692,-0.014632,-0.072927,-0.014174
22.705332,-0.046558,-0.012287,-0.046631,-0.012106
22.721999,-0.021559,-0.005115,-0.021846,-0.005029
22.738665,-0.001584,0.003209,-0.001139,0.002607
22.755332,0.026718,-0.001228,0.026616,-0.001183
22.771999,0.053123,-0.006664,0.053402,-0.006856
22.788665,0.083099,-0.015589,0.082626,-0.015193
22.805332,0.101944,-0.015747,0.102022,-0.015692
22.821999,0.119042,-0.012586,0.119057,-0.012555
22.838665,0.133597,-0.007154,0.133511,-0.007083
22.855332,0.144299,-0.000159,0.144565,-0.000213
22.871999,0.157514,0.004855,0.157403,0.004507
22.888665,0.166157,0.002195,0.166158,0.002251
22.905332,0.171568,-0.000288,0.171609,-0.000186
22.921999,0.173766,-0.000673,0.173740,-0.000615
22.938665,0.171174,0.000750,0.170881,0.001036
22.955332,0.159253,0.007525,0.159430,0.007199
22.971999,0.147160,0.007802,0.147216,0.007807
22.988665,0.133605,0.006873,0.133540,0.006885
23.005332,0.116787,0.005154,0.117084,0.004817
23.021999,0.102706,-0.002289,0.102605,-0.002104
23.038665,0.083548,-0.004693,0.083128,-0.004164
23.055332,0.053716,0.004387,0.053691,0.004327
23.071999,0.021730,0.012958,0.021928,0.012814
23.088665,-0.006296,0.017300,-0.006169,0.017027
23.105332,-0.030250,0.014067,-0.030073,0.013792
23.121999,-0.049359,0.004250,-0.049336,0.004385
23.138665,-0.067248,-0.002677,-0.067740,-0.002284
23.155332,-0.093296,-0.000692,-0.093315,-0.000492
23.171999,-0.117927,0.006326,-0.117662,0.006088
23.188665,-0.134536,0.009159,-0.134270,0.008856
23.205332,-0.142582,0.005784,-0.142706,0.005994
23.221999,-0.149680,0.005417,-0.149848,0.005472
23.238665,-0.157328,0.005651,-0.157370,0.005487
23.255332,-0.163093,0.002625,-0.163173,0.002923
23.271999,-0.166758,0.004370,-0.166504,0.004068
23.288665,-0.161680,0.000124,-0.161601,0.000088
23.305332,-0.151137,-0.005171,-0.151195,-0.004879
23.321999,-0.138422,-0.005395,-0.138448,-0.005609
23.338665,-0.123982,-0.009431,-0.124020,-0.009404
23.355332,-0.108630,-0.012715,-0.108748,-0.012865
23.371999,-0.093960,-0.017704,-0.093822,-0.017544
23.388665,-0.075320,-0.018063,-0.075374,-0.017924
23.405332,-0.056086,-0.014055,-0.056051,-0.013947
23.421999,-0.034900,-0.007115,-0.034779,-0.007198
23.438665,-0.010824,-0.002045,-0.010908,-0.002238
23.455332,0.011806,-0.001820,0.011634,-0.001798
23.471999,0.030950,-0.002515,0.031169,-0.002856
23.488665,0.053304,-0.009745,0.053238,-0.009064
23.505332,0.073499,-0.004530,0.073444,-0.004907
23.521999,0.091330,-0.005571,0.091408,-0.005544
23.538665,0.108868,-0.005907,0.108725,-0.005706
23.555332,0.122118,-0.002651,0.122185,-0.002967
23.571999,0.134910,-0.005024,0.134954,-0.004815
23.588665,0.146810,-0.003672,0.146864,-0.003634
23.605332,0.157535,-0.001581,0.157635,-0.001884
23.621999,0.166977,-0.004630,0.166778,-0.004322
23.638665,0.169002,-0.001964,0.168870,-0.001753
23.655332,0.164702,0.004131,0.164751,0.003723
23.671999,0.157895,0.001941,0.158005,0.001859
23.688665,0.150224,-0.002643,0.150336,-0.002563
23.705332,0.141593,-0.005736,0.141584,-0.005680
23.721999,0.129200,-0.006721,0.128968,-0.006579
23.738665,0.108741,-0.003542,0.108685,-0.003736
23.755332,0.083959,-0.002186,0.083950,-0.001914
23.771999,0.057076,0.004966,0.057140,0.005194
23.788665,0.030854,0.015711,0.031050,0.015219
23.805332,0.008304,0.016012,0.008398,0.015737
23.821999,-0.012526,0.009640,-0.012878,0.010192
23.838665,-0.039873,0.012178,-0.039696,0.011872
23.855332,-0.063911,0.008930,-0.064231,0.009196
23.871999,-0.092209,0.010026,-0.092023,0.009875
23.888665,-0.114200,0.007793,-0.113932,0.007691
23.905332,-0.127516,0.003047,-0.127577,0.003281
23.921999,-0.138166,0.001787,-0.138135,0.001586
23.938665,-0.145559,-0.003263,-0.145405,-0.003606
23.955332,-0.148710,-0.013720,-0.149206,-0.013027
23.971999,-0.159686,-0.010539,-0.159660,-0.010506
23.988665,-0.168542,-0.005967,-0.168354,-0.006413
24.005332,-0.171166,-0.009490,-0.171157,-0.009471
24.021999,-0.169974,-0.012931,-0.169825,-0.012963
24.038665,-0.162744,-0.016123,-0.162654,-0.016115
24.055332,-0.151539,-0.017153,-0.151818,-0.016768
24.071999,-0.143652,-0.009253,-0.143921,-0.009129
24.088665,-0.138442,0.001635,-0.138265,0.001253
24.105332,-0.126650,0.004750,-0.126327,0.004710
24.121999,-0.105014,0.005339,-0.104884,0.005266
24.138665,-0.077881,0.003256,-0.078071,0.003205
24.155332,-0.052569,-0.000030,-0.052881,0.000232
24.171999,-0.032276,0.001850,-0.031994,0.001856
24.188665,-0.006610,0.004216,-0.006663,0.004346
24.205332,0.018404,0.008302,0.018406,0.008149
24.221999,0.043333,0.008087,0.043434,0.007724
24.238665,0.069219,-0.000187,0.069120,0.000060
24.255332,0.091639,-0.004729,0.091702,-0.004724
24.271999,0.112716,-0.008663,0.112555,-0.008708
24.288665,0.127991,-0.012013,0.128042,-0.011894
24.305332,0.141054,-0.011357,0.141180,-0.011390
24.321999,0.152996,-0.009361,0.152883,-0.009160
24.338665,0.159229,-0.002472,0.159182,-0.002495
24.355332,0.160729,0.004215,0.160761,0.003995
24.371999,0.159090,0.006184,0.158975,0.006241
24.388665,0.152278,0.007903,0.152325,0.007880
24.405332,0.143828,0.008171,0.144016,0.007961
24.421999,0.136460,0.004365,0.136493,0.004594
24.438665,0.126846,0.005147,0.126828,0.005175
24.455332,0.113248,0.007498,0.112878,0.007459
24.471999,0.089478,0.010210,0.089339,0.010362
24.488665,0.061289,0.016013,0.061509,0.016106
24.505332,0.037400,0.022615,0.037662,0.022450
24.521999,0.020012,0.024145,0.020105,0.023902
24.538665,0.005779,0.018925,0.005888,0.018821
24.555332,-0.006677,0.010390,-0.006921,0.010652
24.571999,-0.025068,0.006236,-0.025549,0.006537
24.588665,-0.053152,0.007356,-0.053237,0.007071
24.605332,-0.081710,0.003069,-0.080838,0.002540
24.621999,-0.091970,-0.010399,-0.092028,-0.009784
24.638665,-0.100946,-0.011497,-0.101153,-0.011326
24.655332,-0.113038,-0.007665,-0.113238,-0.007986
24.671999,-0.129201,-0.007934,-0.129251,-0.008083
24.688665,-0.146250,-0.009543,-0.146374,-0.009012
24.705332,-0.163918,-0.000886,-0.163708,-0.000852
24.721999,-0.174660,0.007828,-0.174469,0.007339
24.738665,-0.178008,0.006078,-0.178110,0.005846
24.755332,-0.179380,-0.001147,-0.179238,-0.000960
24.771999,-0.175290,-0.004595,-0.175368,-0.004319
24.788665,-0.170286,-0.001555,-0.170756,-0.001220
24.805332,-0.170874,0.008099,-0.170691,0.007938
24.821999,-0.163882,0.013181,-0.163623,0.012877
24.838665,-0.146763,0.009351,-0.146466,0.009027
24.855332,-0.119305,-0.003176,-0.119417,-0.003420
24.871999,-0.090658,-0.020028,-0.090930,-0.019579
24.888665,-0.065490,-0.025637,-0.065459,-0.025045
24.905332,-0.039441,-0.016506,-0.039286,-0.016521
24.921999,-0.010782,-0.005412,-0.011030,-0.005620
24.938665,0.013130,0.001012,0.013119,0.000800
24.955332,0.036506,0.000641,0.036824,0.000312
24.971999,0.065038,-0.008368,0.064906,-0.008414
24.988665,0.090006,-0.018706,0.090001,-0.018626
25.005332,0.112458,-0.025118,0.112616,-0.024781
25.021999,0.134078,-0.021180,0.133704,-0.020786
25.038665,0.144840,-0.006682,0.144760,-0.006529
25.055332,0.150349,0.011175,0.150589,0.010435
25.071999,0.157264,0.013675,0.157183,0.013595
25.088665,0.160716,0.011714,0.160743,0.011940
25.105332,0.162936,0.011526,0.163147,0.011397
25.121999,0.166704,0.008235,0.166812,0.008029
25.138665,0.168948,0.001963,0.168600,0.002419
25.155332,0.160438,0.005436,0.160268,0.005655
25.171999,0.144498,0.013882,0.144499,0.013766
25.188665,0.125570,0.019201,0.125770,0.019272
25.205332,0.108835,0.022537,0.108869,0.021776
25.221999,0.092086,0.009182,0.092305,0.008759
25.238665,0.078005,-0.011802,0.078116,-0.010838
25.255332,0.063099,-0.012071,0.062659,-0.011709
25.271999,0.036523,-0.001547,0.036135,-0.001360
25.288665,0.000256,0.013611,0.000318,0.013429
25.305332,-0.034664,0.022756,-0.034270,0.021622
25.321999,-0.059334,0.007574,-0.059114,0.007750
25.338665,-0.075751,-0.006407,-0.075700,-0.005928
25.355332,-0.088012,-0.010230,-0.087909,-0.010281
25.371999,-0.097648,-0.010909,-0.097737,-0.010770
25.388665,-0.109867,-0.005299,-0.111035,-0.004281
25.405332,-0.143026,0.019407,-0.142519,0.018415
25.421999,-0.163880,0.023579,-0.163329,0.023132
25.438665,-0.168478,0.015021,-0.168365,0.015096
25.455332,-0.164178,0.004418,-0.163997,0.004237
25.471999,-0.152126,-0.009324,-0.152236,-0.008987
25.488665,-0.140728,-0.014037,-0.141095,-0.013515
25.505332,-0.136627,-0.005898,-0.136993,-0.005741
25.521999,-0.139238,0.006147,-0.139404,0.006033
25.538665,-0.141866,0.013303,-0.141508,0.012808
25.555332,-0.132166,0.006681,-0.131059,0.005642
25.571999,-0.097245,-0.021109,-0.097273,-0.020726
25.588665,-0.061618,-0.039403,-0.062606,-0.038176
25.605332,-0.046972,-0.029280,-0.047239,-0.029277
25.621999,-0.041561,-0.013328,-0.041713,-0.013188
25.638665,-0.040600,0.006362,-0.040346,0.006005
25.655332,-0.032950,0.016142,-0.032511,0.015628
25.671999,-0.013299,0.011330,-0.012874,0.010747
25.688665,0.016768,-0.007111,0.016807,-0.006873
25.705332,0.046518,-0.020012,0.045934,-0.019110
25.721999,0.061266,-0.012392,0.060840,-0.012235
25.738665,0.063114,0.001800,0.063014,0.001817
25.755332,0.060374,0.016295,0.060550,0.016076
25.771999,0.061860,0.022709,0.062103,0.022325
25.788665,0.071354,0.016303,0.072065,0.015565
25.805332,0.096368,-0.006862,0.096567,-0.007037
25.821999,0.123732,-0.031377,0.122966,-0.029924
25.838665,0.131919,-0.024165,0.131374,-0.023765
25.855332,0.123688,-0.004897,0.123599,-0.005160
25.871999,0.109820,0.009635,0.110101,0.009170
25.888665,0.100878,0.011226,0.101387,0.010563
25.905332,0.102732,-0.004013,0.103260,-0.004432
25.921999,0.113668,-0.027476,0.113544,-0.026988
25.938665,0.117438,-0.037170,0.116755,-0.036266
25.955332,0.100798,-0.023046,0.099810,-0.022293
25.971999,0.059932,0.009162,0.060024,0.008558
25.988665,0.019815,0.029121,0.021095,0.028157
26.005332,0.006542,0.026100,0.006892,0.026145
26.021999,0.003781,0.018187,0.003520,0.018096
26.038665,-0.003062,0.006712,-0.003244,0.006371
26.055332,-0.016261,-0.008296,-0.017072,-0.006937
26.071999,-0.047313,0.005174,-0.047458,0.005738
26.088665,-0.080962,0.029971,-0.080514,0.029127
26.105332,-0.102062,0.035893,-0.101529,0.034887
26.121999,-0.106616,0.017768,-0.106432,0.017893
26.138665,-0.101908,-0.001715,-0.101885,-0.001416
26.155332,-0.094281,-0.014804,-0.094495,-0.014647
26.171999,-0.091445,-0.020627,-0.091970,-0.020230
26.188665,-0.100109,-0.014551,-0.100468,-0.014103
26.205332,-0.115206,0.001467,-0.115017,0.001282
26.221999,-0.122965,0.011650,-0.122394,0.010899
26.238665,-0.113882,0.003173,-0.113331,0.002535
26.255332,-0.089276,-0.020279,-0.089381,-0.020137
26.271999,-0.064730,-0.039343,-0.065294,-0.038966
26.288665,-0.052230,-0.044882,-0.052448,-0.043406
26.305332,-0.046701,-0.017030,-0.047022,-0.017528
26.321999,-0.047790,0.004457,-0.047738,0.004080
26.338665,-0.045155,0.016162,-0.044489,0.015611
26.355332,-0.025480,0.012367,-0.025042,0.012188
26.371999,0.005946,0.001393,0.006057,0.001129
26.388665,0.039053,-0.014258,0.038318,-0.013354
26.405332,0.054732,-0.010699,0.054236,-0.010186
26.421999,0.056599,0.004637,0.056528,0.004345
26.438665,0.055233,0.013976,0.055488,0.013638
26.455332,0.060409,0.013244,0.061083,0.012773
26.471999,0.080958,0.000034,0.081495,-0.000372
26.488665,0.111913,-0.021266,0.111239,-0.020486
26.505332,0.127204,-0.025479,0.126928,-0.025290
26.521999,0.130844,-0.021361,0.130538,-0.020925
26.538665,0.122634,-0.006448,0.122354,-0.006316
26.555332,0.106265,0.009587,0.106678,0.008638
26.571999,0.097810,0.004408,0.098330,0.003957
26.588665,0.100489,-0.012316,0.101031,-0.012270
26.605332,0.112186,-0.027364,0.111780,-0.026952
26.621999,0.111500,-0.029590,0.110760,-0.028969
26.638665,0.090265,-0.014203,0.089506,-0.013542
26.655332,0.050906,0.015708,0.051263,0.015354
26.671999,0.019234,0.035994,0.020333,0.034680
26.688665,0.012654,0.025988,0.012889,0.025914
26.705332,0.015056,0.009534,0.015058,0.009607
26.721999,0.017744,-0.005554,0.017373,-0.005019
26.738665,0.009733,-0.006934,0.008790,-0.006074
26.755332,-0.019631,0.010929,-0.019828,0.010891
26.771999,-0.053108,0.027701,-0.052505,0.027170
26.788665,-0.071150,0.029801,-0.070470,0.028986
26.805332,-0.070119,0.011126,-0.069683,0.010779
26.821999,-0.056821,-0.016245,-0.057224,-0.015583
26.838665,-0.051054,-0.028956,-0.051622,-0.028370
26.855332,-0.059117,-0.025390,-0.059440,-0.025273
26.871999,-0.076044,-0.015148,-0.076381,-0.014843
26.888665,-0.098202,0.001043,-0.097416,0.000340
26.905332,-0.101764,0.001600,-0.101155,0.001044
26.921999,-0.089352,-0.011344,-0.089383,-0.011326
26.938665,-0.075574,-0.024569,-0.075803,-0.024442
26.955332,-0.067926,-0.032297,-0.068858,-0.031348
26.971999,-0.080033,-0.018589,-0.080062,-0.018581
26.988665,-0.093059,-0.002465,-0.092743,-0.002817
27.005332,-0.096706,0.006100,-0.096101,0.005638
27.021999,-0.083728,0.003294,-0.083464,0.003164
27.038665,-0.061600,-0.003906,-0.061889,-0.003812
27.055332,-0.043409,-0.008870,-0.043725,-0.008632
27.071999,-0.031946,-0.007052,-0.032248,-0.006570
27.088665,-0.026659,0.005411,-0.026783,0.005582
27.105332,-0.021825,0.019963,-0.021457,0.019499
27.121999,-0.006220,0.022084,-0.005547,0.021341
27.138665,0.025526,0.006316,0.025507,0.006395
27.155332,0.057878,-0.009916,0.057704,-0.009564
27.171999,0.084032,-0.018367,0.083229,-0.017739
27.188665,0.090850,-0.012726,0.090926,-0.013203
27.205332,0.095372,-0.013477,0.095309,-0.013337
27.221999,0.098122,-0.011010,0.098741,-0.011099
27.238665,0.112981,-0.010286,0.113407,-0.010415
27.255332,0.135098,-0.011782,0.134889,-0.012103
27.271999,0.149590,-0.017804,0.149124,-0.017246
27.288665,0.149068,-0.011743,0.148575,-0.011454
27.305332,0.133504,0.000724,0.133460,0.000718
27.321999,0.114217,0.011812,0.114731,0.011206
27.338665,0.104663,0.008846,0.105071,0.008623
27.355332,0.103872,-0.000805,0.104052,-0.000759
27.371999,0.105568,-0.009611,0.105363,-0.009455
27.388665,0.099524,-0.012824,0.098943,-0.012274
27.405332,0.077539,-0.002878,0.077132,-0.002591
27.421999,0.044703,0.012953,0.044809,0.012801
27.438665,0.014514,0.022876,0.015160,0.021972
27.455332,-0.000037,0.011612,0.000490,0.011204
27.471999,-0.001506,-0.009804,-0.001407,-0.009322
27.488665,-0.001440,-0.021055,-0.002028,-0.020514
27.505332,-0.015907,-0.018222,-0.016852,-0.017855
27.521999,-0.051244,-0.005158,-0.051154,-0.005442
27.538665,-0.084890,0.003398,-0.084234,0.003243
27.555332,-0.101957,0.006794,-0.101612,0.006565
27.571999,-0.106133,0.002796,-0.105840,0.002331
27.588665,-0.100349,-0.010906,-0.100439,-0.010885
27.605332,-0.095157,-0.022247,-0.095851,-0.021340
27.621999,-0.103871,-0.013211,-0.103985,-0.013057
27.638665,-0.115582,0.001562,-0.115866,0.001622
27.655332,-0.130092,0.016599,-0.129595,0.015997
27.671999,-0.130068,0.016739,-0.129561,0.016361
27.688665,-0.114572,0.005698,-0.114243,0.005556
27.705332,-0.089350,-0.009473,-0.089825,-0.009246
27.721999,-0.072600,-0.018259,-0.073121,-0.017804
27.738665,-0.067059,-0.014793,-0.067240,-0.013975
27.755332,-0.065316,0.005296,-0.065209,0.004836
27.771999,-0.058892,0.014845,-0.058623,0.013913
27.788665,-0.042521,0.003084,-0.041662,0.002608
27.805332,-0.006884,-0.019752,-0.006727,-0.019070
27.821999,0.030741,-0.028460,0.029878,-0.028018
27.838665,0.047231,-0.024623,0.046569,-0.024245
27.855332,0.045146,-0.010461,0.044934,-0.010705
27.871999,0.036148,-0.000454,0.036670,-0.000770
27.888665,0.038300,0.001258,0.038996,0.001023
27.905332,0.056604,-0.004348,0.057116,-0.004638
27.921999,0.084818,-0.015994,0.084516,-0.015975
27.938665,0.103144,-0.024781,0.102001,-0.023944
27.955332,0.093941,-0.014491,0.093445,-0.014066
27.971999,0.071458,0.005554,0.071944,0.005160
27.988665,0.058967,0.016570,0.059823,0.016011
28.005332,0.066590,0.012972,0.067216,0.012388
28.021999,0.088542,-0.004497,0.088063,-0.004030
28.038665,0.100024,-0.013212,0.099632,-0.013144
28.055332,0.098602,-0.016979,0.097754,-0.016125
28.071999,0.076476,-0.001854,0.076597,-0.001758
28.088665,0.054940,0.015300,0.055590,0.014540
28.105332,0.047476,0.015402,0.047910,0.015190
28.121999,0.050846,0.007126,0.051245,0.006666
28.138665,0.061090,-0.011270,0.060467,-0.011046
28.155332,0.055690,-0.023132,0.055031,-0.022490
28.171999,0.032524,-0.018328,0.032293,-0.017645
28.188665,0.001552,0.002515,0.002078,0.002179
28.205332,-0.019782,0.016726,-0.019559,0.016309
28.221999,-0.034572,0.019117,-0.034192,0.018222
28.238665,-0.040358,0.001313,-0.040774,0.001611
28.255332,-0.053018,-0.011856,-0.053050,-0.011306
28.271999,-0.066938,-0.012245,-0.067056,-0.012093
28.288665,-0.083315,-0.006032,-0.083665,-0.005633
28.305332,-0.104485,0.009102,-0.104090,0.008658
28.321999,-0.115050,0.015141,-0.114786,0.014813
28.338665,-0.116112,0.012355,-0.116324,0.012454
28.355332,-0.116406,0.008694,-0.116046,0.008311
28.371999,-0.106931,-0.002496,-0.107302,-0.002080
28.388665,-0.102010,-0.005068,-0.101926,-0.004715
28.405332,-0.094220,0.000095,-0.094434,0.000231
28.421999,-0.088480,0.007357,-0.088658,0.006955
28.438665,-0.082714,0.005048,-0.082331,0.004556
28.455332,-0.065665,-0.008259,-0.065375,-0.008408
28.471999,-0.039331,-0.023773,-0.039240,-0.023101
28.488665,-0.009960,-0.024022,-0.009760,-0.023714
28.505332,0.020426,-0.014760,0.019639,-0.015063
28.521999,0.031652,-0.008441,0.031130,-0.008156
28.538665,0.029388,0.002641,0.029522,0.002720
28.555332,0.029208,0.011995,0.029783,0.011260
28.571999,0.042306,0.004041,0.043013,0.003538
28.588665,0.070276,-0.014957,0.070472,-0.014567
28.605332,0.099387,-0.024900,0.098428,-0.024269
28.621999,0.104428,-0.018594,0.103807,-0.018338
28.638665,0.090956,-0.003616,0.090804,-0.003400
28.655332,0.071403,0.015275,0.071937,0.014784
28.671999,0.063143,0.021264,0.063855,0.020648
28.688665,0.071342,0.010853,0.071606,0.010538
28.705332,0.085352,-0.007586,0.085386,-0.007607
28.721999,0.095976,-0.023606,0.094885,-0.022438
28.738665,0.080220,-0.013065,0.079477,-0.012413
28.755332,0.046215,0.012881,0.047001,0.012082
28.771999,0.026337,0.023227,0.026704,0.023033
28.788665,0.017067,0.024753,0.017428,0.024128
28.805332,0.018237,0.009995,0.018545,0.009728
28.821999,0.025104,-0.010390,0.024886,-0.010113
28.838665,0.023765,-0.021595,0.022596,-0.020311
28.855332,-0.004010,-0.004162,-0.004466,-0.003694
28.871999,-0.041964,0.023714,-0.040954,0.022362
28.888665,-0.058323,0.024298,-0.058099,0.024138
28.905332,-0.063934,0.016688,-0.063394,0.016403
28.921999,-0.054513,0.000931,-0.054560,0.001068
28.938665,-0.044762,-0.011195,-0.045337,-0.010723
28.955332,-0.047802,-0.010843,-0.048305,-0.010298
28.971999,-0.062730,0.002836,-0.062982,0.002856
28.988665,-0.081858,0.017079,-0.081313,0.016535
29.005332,-0.086809,0.018084,-0.086376,0.017895
29.021999,-0.077950,0.011042,-0.077395,0.010341
29.038665,-0.055452,-0.010710,-0.055806,-0.010269
29.055332,-0.039916,-0.022692,-0.040655,-0.021905
29.071999,-0.040928,-0.016342,-0.041248,-0.016271
29.088665,-0.050122,-0.005340,-0.049730,-0.005613
29.105332,-0.051422,0.000937,-0.051439,0.001154
29.121999,-0.049360,0.008461,-0.048531,0.007419
29.138665,-0.029170,-0.005096,-0.029010,-0.005257
29.155332,-0.006063,-0.020986,-0.006938,-0.019965
29.171999,-0.001996,-0.014865,-0.002225,-0.014667
29.188665,-0.006148,-0.001106,-0.006386,-0.000942
29.205332,-0.015914,0.016534,-0.015657,0.016186
29.221999,-0.018518,0.025058,-0.018036,0.024547
29.238665,-0.007788,0.019778,-0.007374,0.019736
29.255332,0.013725,0.010415,0.013848,0.010039
29.271999,0.037044,-0.005506,0.036088,-0.004705
29.288665,0.039657,-0.003983,0.039685,-0.003680
29.305332,0.038856,0.006066,0.038524,0.006412
29.321999,0.031113,0.021990,0.031243,0.021504
29.338665,0.028452,0.024844,0.029292,0.023964
29.355332,0.045068,0.006649,0.045437,0.006417
29.371999,0.070171,-0.017506,0.069982,-0.017140
29.388665,0.088822,-0.031608,0.088160,-0.030695
29.405332,0.088748,-0.023124,0.088257,-0.022868
29.421999,0.073256,-0.005748,0.073081,-0.005801
29.438665,0.051872,0.010307,0.052496,0.009365
29.455332,0.043156,0.005812,0.043679,0.005659
29.471999,0.046479,-0.004599,0.046873,-0.004792
29.488665,0.056401,-0.017652,0.056214,-0.017383
29.505332,0.057334,-0.020718,0.056429,-0.019783
29.521999,0.033934,-0.001400,0.032791,-0.000365
29.538665,-0.014787,0.036784,-0.014041,0.035810
29.555332,-0.048146,0.051056,-0.047067,0.048740
29.571999,-0.055182,0.015483,-0.054870,0.016656
29.588665,-0.050120,-0.003259,-0.050249,-0.002798
29.605332,-0.045865,-0.011368,-0.045846,-0.011691
29.621999,-0.045058,-0.018908,-0.046333,-0.018005
29.638665,-0.071806,-0.004696,-0.072618,-0.003793
29.655332,-0.113076,0.026344,-0.111928,0.025244
29.671999,-0.126896,0.032219,-0.125819,0.031099
29.688665,-0.111452,0.010401,-0.111166,0.010046
29.705332,-0.084194,-0.021412,-0.084811,-0.020502
29.721999,-0.067632,-0.033957,-0.068016,-0.033619
29.738665,-0.062024,-0.033269,-0.062561,-0.032890
29.755332,-0.069691,-0.019402,-0.070244,-0.018856
29.771999,-0.086225,0.005788,-0.085378,0.005121
29.788665,-0.081412,0.015542,-0.080414,0.014302
29.805332,-0.051273,-0.001509,-0.051067,-0.001548
29.821999,-0.013808,-0.020325,-0.014638,-0.019172
29.838665,0.006705,-0.014934,0.006581,-0.014957
29.855332,0.019621,-0.005177,0.018884,-0.004436
29.871999,0.015352,0.019144,0.015291,0.018679
29.888665,0.010666,0.031346,0.011342,0.030539
29.905332,0.022844,0.022660,0.023918,0.022081
29.921999,0.058464,-0.000790,0.058618,-0.000477
29.938665,0.095829,-0.018064,0.094457,-0.017102
29.955332,0.102083,-0.013805,0.101996,-0.013918
29.971999,0.098788,-0.007319,0.098284,-0.006921
29.988665,0.082232,0.006876,0.082428,0.006801
30.005332,0.070577,0.015828,0.071546,0.014783
30.021999,0.080528,0.000748,0.081392,-0.000120
30.038665,0.107444,-0.031450,0.107214,-0.030714
30.055332,0.124814,-0.045568,0.123657,-0.044306
30.071999,0.111012,-0.028912,0.109791,-0.028341
30.088665,0.066522,0.003216,0.067115,0.002185
30.105332,0.031129,0.015747,0.031561,0.015794
30.121999,0.009364,0.023190,0.010545,0.022268
30.138665,0.016282,0.008430,0.016772,0.008106
30.155332,0.034344,-0.013083,0.033824,-0.012539
30.171999,0.037880,-0.020262,0.036315,-0.018923
30.188665,0.005026,0.002448,0.004239,0.002852
30.205332,-0.045588,0.033688,-0.044773,0.032583
30.221999,-0.076626,0.040056,-0.075186,0.039213
30.238665,-0.071626,0.023595,-0.071368,0.023640
30.255332,-0.053917,0.003363,-0.053769,0.003071
30.271999,-0.032736,-0.020282,-0.033795,-0.019396
30.288665,-0.035650,-0.021750,-0.036697,-0.020577
30.305332,-0.062593,0.003295,-0.062408,0.002949
30.321999,-0.086080,0.022050,-0.085667,0.021524
30.338665,-0.095566,0.025210,-0.094415,0.024200
30.355332,-0.076138,0.003033,-0.075506,0.002500
30.371999,-0.041672,-0.030966,-0.042563,-0.030160
30.388665,-0.026569,-0.045728,-0.027396,-0.044853
30.405332,-0.033845,-0.036206,-0.034275,-0.035720
30.421999,-0.054608,-0.011654,-0.054586,-0.011716
30.438665,-0.074720,0.011464,-0.074317,0.011050
30.455332,-0.081391,0.020430,-0.080493,0.019319
30.471999,-0.063518,0.000563,-0.063344,0.000617
30.488665,-0.035924,-0.025132,-0.036612,-0.024501
