t_s,bending_avg_y_mm,torsion_diff_y_mm
0.008786946,-0.145442,0.039045
0.025453613,-0.166562,0.024427
0.042120279,-0.174945,0.010169
0.058786946,-0.171842,-0.00396
0.075453613,-0.158222,-0.016057
0.092120279,-0.126131,-0.028442
0.108786946,-0.08183,-0.041576
0.125453613,-0.039608,-0.050916
0.142120279,0.014983,-0.062346
0.158786946,0.071992,-0.05512
0.175453613,0.122887,-0.056772
0.192120279,0.164366,-0.052765
0.208786946,0.204428,-0.045806
0.225453613,0.230511,-0.03439
0.242120279,0.244124,-0.028146
0.258786946,0.249368,-0.025151
0.275453613,0.243971,-0.015791
0.292120279,0.227934,-0.003477
0.308786946,0.198334,0.012271
0.325453613,0.158898,0.014849
0.342120279,0.109349,0.027933
0.358786946,0.069221,0.034996
0.375453613,0.023121,0.048574
0.392120279,-0.022012,0.043407
0.408786946,-0.060801,0.03659
0.425453613,-0.086025,0.03666
0.442120279,-0.101387,0.035809
0.458786946,-0.10849,0.029923
0.475453613,-0.106958,0.021639
0.492120279,-0.095516,0.006901
0.508786946,-0.070874,-0.012671
0.525453613,-0.036216,-0.034652
0.542120279,0.000749,-0.051426
0.558786946,0.044217,-0.060712
0.575453613,0.090023,-0.065972
0.592120279,0.128019,-0.072424
0.608786946,0.154698,-0.080193
0.625453613,0.176311,-0.078597
0.642120279,0.193021,-0.067844
0.658786946,0.200729,-0.050573
0.675453613,0.197714,-0.029531
0.692120279,0.178829,-0.002856
0.708786946,0.146765,0.026112
0.725453613,0.114732,0.04268
0.742120279,0.07618,0.067019
0.758786946,0.031824,0.09586
0.775453613,-0.011458,0.10001
0.792120279,-0.060404,0.101942
0.808786946,-0.095766,0.095442
0.825453613,-0.125203,0.083388
0.842120279,-0.149019,0.061491
0.858786946,-0.164723,0.040108
0.875453613,-0.174172,0.015666
0.892120279,-0.174404,-0.012836
0.908786946,-0.169263,-0.033914
0.925453613,-0.154094,-0.062405
0.942120279,-0.130728,-0.087748
0.958786946,-0.105769,-0.095086
0.975453613,-0.079169,-0.097965
0.992120279,-0.058388,-0.087272
1.008786946,-0.046758,-0.071254
1.025453613,-0.037701,-0.058387
1.042120279,-0.02783,-0.035586
1.058786946,-0.018581,-0.006972
1.075453613,-0.013438,0.022248
1.092120279,-0.018652,0.066246
1.108786946,-0.026627,0.096598
1.125453613,-0.035136,0.114493
1.142120279,-0.046187,0.131882
1.158786946,-0.05358,0.12984
1.175453613,-0.059712,0.113073
1.192120279,-0.071956,0.099964
1.208786946,-0.079362,0.06989
1.225453613,-0.086194,0.045006
1.242120279,-0.088294,0.023391
1.258786946,-0.089015,-0.008892
1.275453613,-0.089028,-0.046196
1.292120279,-0.088353,-0.071414
1.308786946,-0.087398,-0.085785
1.325453613,-0.088441,-0.091784
1.342120279,-0.088302,-0.093096
1.358786946,-0.086776,-0.088675
1.375453613,-0.07802,-0.069865
1.392120279,-0.07072,-0.045409
1.408786946,-0.063563,-0.02891
1.425453613,-0.0572,0.00287
1.442120279,-0.043212,0.036359
1.458786946,-0.022454,0.068632
1.475453613,-0.001173,0.096466
1.492120279,0.022828,0.103574
1.508786946,0.051147,0.091752
1.525453613,0.07814,0.07796
1.542120279,0.109298,0.062399
1.558786946,0.138563,0.052356
1.575453613,0.160756,0.030055
1.592120279,0.176074,0.003084
1.608786946,0.184645,-0.015372
1.625453613,0.189578,-0.038816
1.642120279,0.17892,-0.064958
1.658786946,0.161324,-0.082931
1.675453613,0.131993,-0.07101
1.692120279,0.097864,-0.064622
1.708786946,0.050391,-0.06568
1.725453613,-0.004846,-0.05858
1.742120279,-0.054938,-0.035545
1.758786946,-0.102572,-0.01411
1.775453613,-0.150129,-0.002398
1.792120279,-0.197252,0.026531
1.808786946,-0.229247,0.048291
1.825453613,-0.246234,0.057058
1.842120279,-0.256589,0.067798
1.858786946,-0.253831,0.062544
1.875453613,-0.244136,0.05689
1.892120279,-0.223036,0.048509
1.908786946,-0.189442,0.038352
1.925453613,-0.145681,0.030674
1.942120279,-0.100045,0.0199
1.958786946,-0.053927,-0.004418
1.975453613,-0.003024,-0.025502
1.992120279,0.047259,-0.030262
2.008786946,0.086373,-0.03509
2.025453613,0.110686,-0.043204
2.042120279,0.126574,-0.050489
2.058786946,0.134349,-0.053698
2.075453613,0.134444,-0.054424
2.092120279,0.125416,-0.046291
2.108786946,0.102585,-0.027669
2.125453613,0.074462,-0.018045
2.142120279,0.029985,-0.00644
2.158786946,-0.015061,-0.010088
2.175453613,-0.059531,0.00257
2.192120279,-0.097143,0.012574
2.208786946,-0.130778,0.011058
2.225453613,-0.163671,0.014048
2.242120279,-0.185312,0.019377
2.258786946,-0.196344,0.024601
2.275453613,-0.195796,0.029534
2.292120279,-0.182368,0.034591
2.308786946,-0.156124,0.03767
2.325453613,-0.116247,0.035102
2.342120279,-0.068879,0.029053
2.358786946,-0.016636,0.028412
2.375453613,0.043516,0.020103
2.392120279,0.101293,-0.002084
2.408786946,0.158906,-0.020106
2.425453613,0.208444,-0.033099
2.442120279,0.241698,-0.053184
2.458786946,0.25998,-0.069482
2.475453613,0.268395,-0.079324
2.492120279,0.260644,-0.078065
2.508786946,0.237735,-0.085891
2.525453613,0.190426,-0.082318
2.542120279,0.137495,-0.06597
2.558786946,0.079434,-0.041508
2.575453613,0.007808,-0.016462
2.592120279,-0.064996,0.008545
2.608786946,-0.130296,0.035896
2.625453613,-0.189952,0.059725
2.642120279,-0.233809,0.088243
2.658786946,-0.262052,0.105422
2.675453613,-0.276654,0.116189
2.692120279,-0.275042,0.113261
2.708786946,-0.255626,0.089362
2.725453613,-0.206576,0.070549
2.742120279,-0.139822,0.05396
2.758786946,-0.069143,0.011246
2.775453613,0.005038,-0.02489
2.792120279,0.085555,-0.064094
2.808786946,0.167534,-0.102836
2.825453613,0.241001,-0.118192
2.842120279,0.296269,-0.132404
2.858786946,0.328435,-0.139014
2.875453613,0.345498,-0.132496
2.892120279,0.349766,-0.114063
2.908786946,0.334577,-0.086346
2.925453613,0.296893,-0.048552
2.942120279,0.249253,-0.006837
2.958786946,0.186462,0.046739
2.975453613,0.112008,0.086947
2.992120279,0.034176,0.130529
3.008786946,-0.039892,0.150758
3.025453613,-0.106888,0.151164
3.042120279,-0.154796,0.153036
3.058786946,-0.196764,0.138514
3.075453613,-0.235585,0.107677
3.092120279,-0.25018,0.077414
3.108786946,-0.251718,0.04716
3.125453613,-0.232128,-0.003132
3.142120279,-0.203041,-0.051882
3.158786946,-0.169862,-0.086304
3.175453613,-0.134119,-0.112912
3.192120279,-0.090672,-0.132899
3.208786946,-0.047889,-0.134062
3.225453613,-0.004294,-0.130014
3.242120279,0.036666,-0.108794
3.258786946,0.07762,-0.07766
3.275453613,0.103946,-0.039664
3.292120279,0.116532,-0.003891
3.308786946,0.120428,0.024999
3.325453613,0.121927,0.054866
3.342120279,0.120983,0.082798
3.358786946,0.118275,0.097208
3.375453613,0.109063,0.101582
3.392120279,0.086299,0.101362
3.408786946,0.060092,0.093548
3.425453613,0.037444,0.077088
3.442120279,0.01432,0.048106
3.458786946,-0.002401,0.007472
3.475453613,-0.020658,-0.022924
3.492120279,-0.036917,-0.046553
3.508786946,-0.052241,-0.057438
3.525453613,-0.064766,-0.066687
3.542120279,-0.069659,-0.077132
3.558786946,-0.06493,-0.085667
3.575453613,-0.051024,-0.08407
3.592120279,-0.034354,-0.074688
3.608786946,-0.017632,-0.051174
3.625453613,0.001264,-0.018788
3.642120279,0.02704,0.01331
3.658786946,0.062023,0.025444
3.675453613,0.098617,0.026206
3.692120279,0.141874,0.032796
3.708786946,0.17943,0.046899
3.725453613,0.203644,0.047263
3.742120279,0.22267,0.045671
3.758786946,0.252034,0.042698
3.775453613,0.279797,0.019116
3.792120279,0.295941,0.001776
3.808786946,0.302382,-0.006839
3.825453613,0.296209,-0.013914
3.842120279,0.277622,-0.021082
3.858786946,0.251988,-0.023559
3.875453613,0.225776,-0.028114
3.892120279,0.20037,-0.032847
3.908786946,0.163902,-0.031379
3.925453613,0.116086,-0.033086
3.942120279,0.069427,-0.018134
3.958786946,0.017656,-0.013947
3.975453613,-0.027823,-0.00964
3.992120279,-0.05697,-0.013444
4.008786946,-0.081667,-0.014477
4.025453613,-0.105638,-0.009978
4.042120279,-0.12644,0.000487
4.058786946,-0.142376,0.008648
4.075453613,-0.151196,0.015874
4.092120279,-0.148452,0.017661
4.108786946,-0.139442,0.02615
4.125453613,-0.124154,0.033711
4.142120279,-0.108364,0.04056
4.158786946,-0.09697,0.048398
4.175453613,-0.088527,0.056921
4.192120279,-0.078755,0.060895
4.208786946,-0.068476,0.056822
4.225453613,-0.059104,0.046935
4.242120279,-0.05518,0.034993
4.258786946,-0.060653,0.029684
4.275453613,-0.070926,0.026769
4.292120279,-0.086668,0.020973
4.308786946,-0.108921,0.006465
4.325453613,-0.133719,-0.016618
4.342120279,-0.157571,-0.041596
4.358786946,-0.179654,-0.047641
4.375453613,-0.204078,-0.041766
4.392120279,-0.230965,-0.033907
4.408786946,-0.253178,-0.023632
4.425453613,-0.267512,-0.016686
4.442120279,-0.273795,-0.011127
4.458786946,-0.271353,-0.000367
4.475453613,-0.25818,0.018006
4.492120279,-0.238663,0.039816
4.508786946,-0.212351,0.058555
4.525453613,-0.169264,0.072471
4.542120279,-0.118082,0.07787
4.558786946,-0.061379,0.080006
4.575453613,-0.00125,0.078716
4.592120279,0.05251,0.065304
4.608786946,0.097592,0.04573
4.625453613,0.136828,0.028327
4.642120279,0.170454,0.010235
4.658786946,0.195376,-0.010757
4.675453613,0.208813,-0.029529
4.692120279,0.206695,-0.043284
4.708786946,0.186213,-0.061402
4.725453613,0.151022,-0.067227
4.742120279,0.112684,-0.056735
4.758786946,0.065554,-0.051193
4.775453613,0.009706,-0.050294
4.792120279,-0.047401,-0.030972
4.808786946,-0.10293,-0.007601
4.825453613,-0.155019,0.009203
4.842120279,-0.199719,0.032362
4.858786946,-0.225611,0.049579
4.875453613,-0.239965,0.058693
4.892120279,-0.244031,0.061341
4.908786946,-0.237378,0.059263
4.925453613,-0.213996,0.051935
4.942120279,-0.175605,0.044352
4.958786946,-0.1258,0.04037
4.975453613,-0.067731,0.020324
4.992120279,-0.003896,0.004155
5.008786946,0.06451,-0.016324
5.025453613,0.11902,-0.049728
5.042120279,0.163791,-0.077654
5.058786946,0.210374,-0.078847
5.075453613,0.247684,-0.064879
5.092120279,0.266102,-0.06375
5.108786946,0.269759,-0.060855
5.125453613,0.261094,-0.059168
5.142120279,0.232657,-0.043138
5.158786946,0.192434,-0.030561
5.175453613,0.14415,-0.015871
5.192120279,0.095161,0.007226
5.208786946,0.041356,0.030351
5.225453613,-0.014042,0.036551
5.242120279,-0.059994,0.035696
5.258786946,-0.094317,0.040059
5.275453613,-0.121089,0.044158
5.292120279,-0.135301,0.039878
5.308786946,-0.135594,0.031167
5.325453613,-0.125661,0.023704
5.342120279,-0.102788,0.010838
5.358786946,-0.069805,-0.005971
5.375453613,-0.024324,-0.022626
5.392120279,0.012288,-0.064692
5.408786946,0.060599,-0.084502
5.425453613,0.113146,-0.084033
5.442120279,0.162165,-0.089913
5.458786946,0.210576,-0.077985
5.475453613,0.250487,-0.063774
5.492120279,0.276651,-0.04976
5.508786946,0.295638,-0.032506
5.525453613,0.304935,-0.015931
5.542120279,0.300022,0.00309
5.558786946,0.277378,0.027917
5.575453613,0.240958,0.042478
5.592120279,0.197866,0.056658
5.608786946,0.143153,0.068378
5.625453613,0.081733,0.077506
5.642120279,0.019465,0.080367
5.658786946,-0.052804,0.073162
5.675453613,-0.117872,0.069393
5.692120279,-0.177182,0.062274
5.708786946,-0.230744,0.060297
5.725453613,-0.272712,0.054713
5.742120279,-0.304864,0.041515
5.758786946,-0.320853,0.027429
5.775453613,-0.32651,0.014769
5.792120279,-0.318663,0.007047
5.808786946,-0.289447,0.007832
5.825453613,-0.247407,0.001076
5.842120279,-0.200601,-0.014713
5.858786946,-0.142771,-0.02297
5.875453613,-0.078391,-0.025286
5.892120279,-0.009724,-0.03201
5.908786946,0.060235,-0.031095
5.925453613,0.118165,-0.037102
5.942120279,0.167311,-0.03363
5.958786946,0.209658,-0.030634
5.975453613,0.234868,-0.031057
5.992120279,0.244219,-0.027017
6.008786946,0.240931,-0.022674
6.025453613,0.219922,-0.010909
6.042120279,0.180912,0.009072
6.058786946,0.131654,0.022457
6.075453613,0.074698,0.046793
6.092120279,0.007923,0.070548
6.108786946,-0.064461,0.078324
6.125453613,-0.124994,0.087999
6.142120279,-0.179134,0.093655
6.158786946,-0.225606,0.09521
6.175453613,-0.254112,0.100801
6.192120279,-0.269493,0.10258
6.208786946,-0.275748,0.093402
6.225453613,-0.269194,0.074146
6.242120279,-0.245539,0.039613
6.258786946,-0.207337,-0.00014
6.275453613,-0.160596,-0.031772
6.292120279,-0.107313,-0.05098
6.308786946,-0.052071,-0.071381
6.325453613,0.000161,-0.092318
6.342120279,0.052684,-0.105425
6.358786946,0.09713,-0.099452
6.375453613,0.126245,-0.091779
6.392120279,0.139821,-0.080676
6.408786946,0.137836,-0.058054
6.425453613,0.121116,-0.020942
6.442120279,0.095174,0.019322
6.458786946,0.061862,0.05654
6.475453613,0.01845,0.0854
6.492120279,-0.032577,0.102295
6.508786946,-0.089364,0.120257
6.525453613,-0.136652,0.131423
6.542120279,-0.177782,0.130929
6.558786946,-0.213394,0.113797
6.575453613,-0.233557,0.090855
6.592120279,-0.240752,0.06896
6.608786946,-0.237928,0.041759
6.625453613,-0.225784,0.00677
6.642120279,-0.206604,-0.031879
6.658786946,-0.179551,-0.068316
6.675453613,-0.142693,-0.103874
6.692120279,-0.095962,-0.131521
6.708786946,-0.044184,-0.142192
6.725453613,0.001403,-0.14137
6.742120279,0.044988,-0.126911
6.758786946,0.089148,-0.093898
6.775453613,0.124941,-0.067684
6.792120279,0.155113,-0.044804
6.808786946,0.185349,-0.011268
6.825453613,0.208101,0.020324
6.842120279,0.218487,0.048766
6.858786946,0.226842,0.069969
6.875453613,0.230951,0.085523
6.892120279,0.229426,0.09175
6.908786946,0.224704,0.085123
6.925453613,0.215333,0.071625
6.942120279,0.201936,0.054977
6.958786946,0.182522,0.033126
6.975453613,0.157641,0.004418
6.992120279,0.130978,-0.020755
7.008786946,0.107483,-0.033087
7.025453613,0.077721,-0.046908
7.042120279,0.03539,-0.070891
7.058786946,-0.007033,-0.08008
7.075453613,-0.044306,-0.068348
7.092120279,-0.076764,-0.054332
7.108786946,-0.106931,-0.036966
7.125453613,-0.135674,-0.018798
7.142120279,-0.160585,0.003084
7.158786946,-0.178441,0.026892
7.175453613,-0.190484,0.048005
7.192120279,-0.193848,0.064028
7.208786946,-0.188424,0.079904
7.225453613,-0.176172,0.095517
7.242120279,-0.155746,0.096379
7.258786946,-0.128346,0.076469
7.275453613,-0.098179,0.04896
7.292120279,-0.066943,0.024288
7.308786946,-0.035255,-0.002438
7.325453613,-0.00496,-0.033329
7.342120279,0.02215,-0.057099
7.358786946,0.04402,-0.068461
7.375453613,0.055984,-0.077516
7.392120279,0.059676,-0.081302
7.408786946,0.052575,-0.084926
7.425453613,0.03293,-0.080538
7.442120279,0.003505,-0.066798
7.458786946,-0.031478,-0.043398
7.475453613,-0.069602,-0.011567
7.492120279,-0.109819,0.017428
7.508786946,-0.149562,0.03976
7.525453613,-0.1829,0.05935
7.542120279,-0.210276,0.073726
7.558786946,-0.228626,0.081074
7.575453613,-0.235107,0.087088
7.592120279,-0.231992,0.09217
7.608786946,-0.213513,0.084254
7.625453613,-0.181371,0.068344
7.642120279,-0.139886,0.053143
7.658786946,-0.092388,0.031239
7.675453613,-0.043201,0.000505
7.692120279,0.014274,-0.027222
7.708786946,0.072953,-0.044272
7.725453613,0.116676,-0.064298
7.742120279,0.147017,-0.08352
7.758786946,0.163996,-0.094387
7.775453613,0.171398,-0.095699
7.792120279,0.16711,-0.084458
7.808786946,0.144292,-0.059494
7.825453613,0.101233,-0.027172
7.842120279,0.045164,0.006083
7.858786946,-0.017662,0.03146
7.875453613,-0.080869,0.052048
7.892120279,-0.143227,0.079414
7.908786946,-0.212105,0.106454
7.925453613,-0.26897,0.125074
7.942120279,-0.31358,0.132056
7.958786946,-0.34619,0.121533
7.975453613,-0.35824,0.10218
7.992120279,-0.352627,0.084213
8.008786946,-0.333926,0.065169
8.025453613,-0.301948,0.038321
8.042120279,-0.252388,0.006938
8.058786946,-0.192008,-0.034369
8.075453613,-0.117238,-0.076301
8.092120279,-0.036564,-0.102754
8.108786946,0.044026,-0.110511
8.125453613,0.110622,-0.104636
8.142120279,0.159846,-0.109405
8.158786946,0.203438,-0.109411
8.175453613,0.24358,-0.099421
8.192120279,0.269311,-0.089786
8.208786946,0.269806,-0.069332
8.225453613,0.246228,-0.025137
8.242120279,0.205186,0.024931
8.258786946,0.153061,0.048796
8.275453613,0.099026,0.060625
8.292120279,0.041194,0.094638
8.308786946,-0.023438,0.11391
8.325453613,-0.091664,0.124487
8.342120279,-0.155075,0.145853
8.358786946,-0.215024,0.148513
8.375453613,-0.255571,0.127423
8.392120279,-0.277002,0.100086
8.408786946,-0.287665,0.069514
8.425453613,-0.282492,0.035828
8.442120279,-0.275581,0.013182
8.458786946,-0.263214,-0.013699
8.475453613,-0.238637,-0.042345
8.492120279,-0.20245,-0.070761
8.508786946,-0.16326,-0.10584
8.525453613,-0.125344,-0.129072
8.542120279,-0.094062,-0.120415
8.558786946,-0.068948,-0.089385
8.575453613,-0.053094,-0.058502
8.592120279,-0.043677,-0.038735
8.608786946,-0.032384,-0.02459
8.625453613,-0.019345,-0.005643
8.642120279,-0.011254,0.025057
8.658786946,-0.012434,0.061498
8.675453613,-0.022275,0.095262
8.692120279,-0.032374,0.116758
8.708786946,-0.030462,0.117846
8.725453613,-0.021903,0.100992
8.742120279,-0.011489,0.071998
8.758786946,-0.002636,0.050771
8.775453613,0.003515,0.041372
8.792120279,0.009046,0.02103
8.808786946,0.016902,-0.014205
8.825453613,0.03501,-0.065009
8.842120279,0.06304,-0.107685
8.858786946,0.090009,-0.118879
8.875453613,0.105612,-0.10792
8.892120279,0.110305,-0.087816
8.908786946,0.111059,-0.071258
8.925453613,0.115905,-0.066052
8.942120279,0.130726,-0.065498
8.958786946,0.148503,-0.048324
8.975453613,0.154468,-0.008086
8.992120279,0.142756,0.041598
9.008786946,0.120916,0.081354
9.025453613,0.101822,0.092625
9.042120279,0.095687,0.079293
9.058786946,0.095268,0.063723
9.075453613,0.085449,0.062574
9.092120279,0.055672,0.087266
9.108786946,0.011198,0.106928
9.125453613,-0.034881,0.079767
9.142120279,-0.067493,0.033414
9.158786946,-0.086185,-0.003308
9.175453613,-0.106836,-0.02773
9.192120279,-0.146092,-0.030062
9.208786946,-0.194603,-0.006649
9.225453613,-0.238578,0.009614
9.242120279,-0.268609,-0.004377
9.258786946,-0.280048,-0.030133
9.275453613,-0.276712,-0.047435
9.292120279,-0.271703,-0.04358
9.308786946,-0.272974,-0.01262
9.325453613,-0.27512,0.017905
9.342120279,-0.263994,0.022343
9.358786946,-0.225842,-0.001569
9.375453613,-0.167342,-0.034174
9.392120279,-0.103161,-0.037682
9.408786946,-0.05905,-0.021189
9.425453613,-0.02869,0.003024
9.442120279,0.01185,0.020556
9.458786946,0.071233,-0.001149
9.475453613,0.133874,-0.033479
9.492120279,0.197981,-0.04398
9.508786946,0.23965,-0.031769
9.525453613,0.25499,-0.008903
9.542120279,0.257721,0.013778
9.558786946,0.261922,0.021142
9.575453613,0.275494,0.013818
9.592120279,0.288981,0.005231
9.608786946,0.286618,-0.000547
9.625453613,0.255613,0.01428
9.642120279,0.206346,0.034623
9.658786946,0.156078,0.03149
9.675453613,0.117251,0.006754
9.692120279,0.090481,-0.019792
9.708786946,0.054298,-0.035602
9.725453613,-0.003172,-0.033201
9.742120279,-0.062631,-0.023102
9.758786946,-0.120397,-0.008446
9.775453613,-0.166234,-0.004584
9.792120279,-0.188132,-0.015931
9.808786946,-0.197231,-0.015133
9.825453613,-0.207963,0.004745
9.842120279,-0.222448,0.03579
9.858786946,-0.233771,0.062834
9.875453613,-0.230358,0.074614
9.892120279,-0.202033,0.070212
9.908786946,-0.152971,0.054077
9.925453613,-0.106022,0.035024
9.942120279,-0.069023,0.018085
9.958786946,-0.040537,0.008138
9.975453613,-0.013762,-0.008343
9.992120279,0.021718,-0.046223
10.008786946,0.057402,-0.084027
10.025453613,0.082822,-0.112696
10.042120279,0.090256,-0.123151
10.058786946,0.076662,-0.110615
10.075453613,0.039363,-0.088482
10.092120279,-0.005379,-0.07502
10.108786946,-0.039009,-0.056103
10.125453613,-0.07098,-0.031533
10.142120279,-0.105168,-0.000914
10.158786946,-0.145011,0.042382
10.175453613,-0.185544,0.09063
10.192120279,-0.212253,0.123719
10.208786946,-0.217941,0.137068
10.225453613,-0.200714,0.133598
10.242120279,-0.162658,0.114449
10.258786946,-0.118239,0.079001
10.275453613,-0.072961,0.04469
10.292120279,-0.008278,0.034145
10.308786946,0.058624,0.000349
10.325453613,0.125391,-0.055944
10.342120279,0.195037,-0.119648
10.358786946,0.252499,-0.169393
10.375453613,0.289337,-0.186482
10.392120279,0.30731,-0.168185
10.408786946,0.306237,-0.151606
10.425453613,0.291973,-0.124562
10.442120279,0.267516,-0.089495
10.458786946,0.231519,-0.052273
10.475453613,0.176309,-0.002606
10.492120279,0.106625,0.056639
10.508786946,0.033202,0.126809
10.525453613,-0.036973,0.185928
10.542120279,-0.095542,0.202698
10.558786946,-0.137591,0.189146
10.575453613,-0.163744,0.172122
10.592120279,-0.179857,0.15116
10.608786946,-0.190536,0.125323
10.625453613,-0.19244,0.085944
10.642120279,-0.181003,0.031029
10.658786946,-0.146614,-0.046756
10.675453613,-0.106251,-0.116013
10.692120279,-0.059459,-0.16937
10.708786946,-0.016276,-0.195609
10.725453613,0.013442,-0.194606
10.742120279,0.035309,-0.180472
10.758786946,0.057811,-0.160202
10.775453613,0.083863,-0.127289
10.792120279,0.104199,-0.087595
10.808786946,0.107635,-0.043013
10.825453613,0.095201,0.018318
10.842120279,0.07924,0.08154
10.858786946,0.065426,0.130443
10.875453613,0.057478,0.154167
10.892120279,0.053631,0.156762
10.908786946,0.051661,0.148502
10.925453613,0.048408,0.134926
10.942120279,0.043534,0.116815
10.958786946,0.041527,0.090552
10.975453613,0.046189,0.051966
10.992120279,0.05272,0.003692
11.008786946,0.061455,-0.045716
11.025453613,0.069422,-0.087198
11.042120279,0.073683,-0.120482
11.058786946,0.067928,-0.128687
11.075453613,0.061839,-0.119855
11.092120279,0.055891,-0.105028
11.108786946,0.052057,-0.086455
11.125453613,0.04965,-0.066719
11.142120279,0.038068,-0.028552
11.158786946,0.019628,0.025914
11.175453613,0.000277,0.068879
11.192120279,-0.01812,0.096718
11.208786946,-0.027929,0.110859
11.225453613,-0.034336,0.108335
11.242120279,-0.046776,0.098803
11.258786946,-0.062366,0.09065
11.275453613,-0.076045,0.076308
11.292120279,-0.08791,0.064711
11.308786946,-0.096602,0.052601
11.325453613,-0.100944,0.028684
11.342120279,-0.104235,0.004922
11.358786946,-0.112335,-0.016871
11.375453613,-0.124152,-0.031841
11.392120279,-0.13602,-0.033951
11.408786946,-0.148686,-0.024846
11.425453613,-0.156342,-0.027905
11.442120279,-0.161916,-0.026148
11.458786946,-0.166822,-0.021164
11.475453613,-0.172003,-0.010451
11.492120279,-0.172736,-0.001805
11.508786946,-0.17286,0.006056
11.525453613,-0.1667,0.011761
11.542120279,-0.152059,0.019168
11.558786946,-0.134997,0.009632
11.575453613,-0.118916,-0.0037
11.592120279,-0.1001,-0.008941
11.608786946,-0.073355,-0.021645
11.625453613,-0.050799,-0.022234
11.642120279,-0.026328,-0.023111
11.658786946,-0.004232,-0.020152
11.675453613,0.018271,-0.010454
11.692120279,0.037253,0.002127
11.708786946,0.051009,0.010217
11.725453613,0.062102,0.019361
11.742120279,0.065923,0.033264
11.758786946,0.064189,0.047088
11.775453613,0.062208,0.052936
11.792120279,0.055161,0.058778
11.808786946,0.043012,0.059254
11.825453613,0.024368,0.059146
11.842120279,-0.002361,0.039454
11.858786946,-0.035768,0.016837
11.875453613,-0.060438,-0.003535
11.892120279,-0.080971,-0.019473
11.908786946,-0.102632,-0.038326
11.925453613,-0.1324,-0.050047
11.942120279,-0.161726,-0.056604
11.958786946,-0.183112,-0.055437
11.975453613,-0.200994,-0.045377
11.992120279,-0.210825,-0.042553
12.008786946,-0.212645,-0.033111
12.025453613,-0.214643,-0.006261
12.042120279,-0.214725,0.017498
12.058786946,-0.207968,0.044683
12.075453613,-0.188646,0.072004
12.092120279,-0.156164,0.082772
12.108786946,-0.112204,0.075665
12.125453613,-0.063426,0.073468
12.142120279,-0.019632,0.080031
12.158786946,0.023994,0.073247
12.175453613,0.062354,0.041132
12.192120279,0.10235,-0.003353
12.208786946,0.142115,-0.04598
12.225453613,0.172339,-0.085904
12.242120279,0.186402,-0.103754
12.258786946,0.186181,-0.10756
12.275453613,0.17249,-0.107532
12.292120279,0.151225,-0.097304
12.308786946,0.129528,-0.088585
12.325453613,0.099646,-0.076452
12.342120279,0.061912,-0.049872
12.358786946,0.021321,-0.01391
12.375453613,-0.024902,0.040302
12.392120279,-0.061521,0.082571
12.408786946,-0.082434,0.098961
12.425453613,-0.089974,0.098368
12.442120279,-0.087488,0.095794
12.458786946,-0.077848,0.092362
12.475453613,-0.058122,0.08327
12.492120279,-0.02733,0.069252
12.508786946,0.006637,0.046848
12.525453613,0.042558,-0.000865
12.542120279,0.082422,-0.053988
12.558786946,0.118145,-0.09588
12.575453613,0.143534,-0.120853
12.592120279,0.154542,-0.124507
12.608786946,0.153898,-0.117644
12.625453613,0.146446,-0.105577
12.642120279,0.128811,-0.083246
12.658786946,0.100465,-0.062963
12.675453613,0.06407,-0.041128
12.692120279,0.012735,0.001378
12.708786946,-0.041527,0.043433
12.725453613,-0.090426,0.085356
12.742120279,-0.126704,0.110004
12.758786946,-0.148243,0.112622
12.775453613,-0.157676,0.109132
12.792120279,-0.161062,0.102889
12.808786946,-0.160321,0.090806
12.825453613,-0.148418,0.066254
12.842120279,-0.118882,0.026381
12.858786946,-0.072366,-0.01611
12.875453613,-0.012659,-0.067532
12.892120279,0.048415,-0.117836
12.908786946,0.104501,-0.137594
12.925453613,0.159309,-0.136952
12.942120279,0.204513,-0.144982
12.958786946,0.253206,-0.137834
12.975453613,0.297378,-0.125564
12.992120279,0.337481,-0.096668
13.008786946,0.36169,-0.053843
13.025453613,0.362951,-0.004955
13.042120279,0.348161,0.04133
13.058786946,0.330741,0.067272
13.075453613,0.308881,0.079837
13.092120279,0.285485,0.082035
13.108786946,0.251061,0.087958
13.125453613,0.203822,0.10127
13.142120279,0.147983,0.09873
13.158786946,0.087576,0.081036
13.175453613,0.048219,0.04144
13.192120279,0.012495,-0.006282
13.208786946,-0.021158,-0.044626
13.225453613,-0.054355,-0.056823
13.242120279,-0.097614,-0.045537
13.258786946,-0.132208,-0.046037
13.275453613,-0.149668,-0.053981
13.292120279,-0.154639,-0.053963
13.308786946,-0.145688,-0.054124
13.325453613,-0.129923,-0.037096
13.342120279,-0.115287,-0.004229
13.358786946,-0.102551,0.027442
13.375453613,-0.091666,0.047976
13.392120279,-0.065503,0.042226
13.408786946,-0.025008,0.027432
13.425453613,0.017968,0.023158
13.442120279,0.053193,0.011742
13.458786946,0.065566,0.011407
13.475453613,0.071561,0.008113
13.492120279,0.077587,-0.00424
13.508786946,0.084181,-0.025084
13.525453613,0.082641,-0.045933
13.542120279,0.066658,-0.053885
13.558786946,0.0374,-0.046648
13.575453613,-0.004517,-0.017274
13.592120279,-0.046967,0.018656
13.608786946,-0.076532,0.040582
13.625453613,-0.095488,0.053436
13.642120279,-0.113791,0.067022
13.658786946,-0.134343,0.082022
13.675453613,-0.150046,0.09499
13.692120279,-0.153334,0.099753
13.708786946,-0.141703,0.094871
13.725453613,-0.113967,0.073482
13.742120279,-0.074697,0.029912
13.758786946,-0.036172,-0.008777
13.775453613,0.004432,-0.045972
13.792120279,0.043831,-0.073354
13.808786946,0.083137,-0.092927
13.825453613,0.11753,-0.106283
13.842120279,0.147369,-0.12311
13.858786946,0.16064,-0.125048
13.875453613,0.158814,-0.112975
13.892120279,0.142557,-0.083528
13.908786946,0.11514,-0.037454
13.925453613,0.083018,0.009898
13.942120279,0.047668,0.055595
13.958786946,0.005573,0.100101
13.975453613,-0.040529,0.124002
13.992120279,-0.090852,0.142654
14.008786946,-0.132437,0.155258
14.025453613,-0.154023,0.147874
14.042120279,-0.166004,0.135242
14.058786946,-0.171624,0.112752
14.075453613,-0.163706,0.066039
14.092120279,-0.149575,0.024175
14.108786946,-0.122937,-0.027551
14.125453613,-0.093152,-0.075809
14.142120279,-0.050796,-0.123629
14.158786946,-0.007012,-0.156369
14.175453613,0.032271,-0.175964
14.192120279,0.067288,-0.177945
14.208786946,0.095562,-0.163542
14.225453613,0.124397,-0.141366
14.242120279,0.14926,-0.106058
14.258786946,0.16417,-0.076364
14.275453613,0.176122,-0.032751
14.292120279,0.178909,0.023089
14.308786946,0.169076,0.071771
14.325453613,0.157034,0.103371
14.342120279,0.146453,0.125322
14.358786946,0.140698,0.132285
14.375453613,0.132165,0.127119
14.392120279,0.117594,0.114141
14.408786946,0.10092,0.092079
14.425453613,0.085385,0.067012
14.442120279,0.073487,0.037722
14.458786946,0.05972,-0.002767
14.475453613,0.041253,-0.050192
14.492120279,0.020738,-0.089338
14.508786946,-0.002401,-0.10937
14.525453613,-0.032474,-0.110768
14.542120279,-0.067623,-0.101108
14.558786946,-0.097448,-0.099818
14.575453613,-0.131001,-0.084996
14.592120279,-0.159071,-0.063917
14.608786946,-0.184426,-0.030297
14.625453613,-0.20659,0.004869
14.642120279,-0.226208,0.040121
14.658786946,-0.239207,0.070104
14.675453613,-0.23767,0.080053
14.692120279,-0.230662,0.086279
14.708786946,-0.212342,0.08323
14.725453613,-0.181988,0.075399
14.742120279,-0.144681,0.070666
14.758786946,-0.104579,0.05924
14.775453613,-0.061568,0.034267
14.792120279,-0.015631,0.006018
14.808786946,0.033819,-0.023465
14.825453613,0.076044,-0.045944
14.842120279,0.105821,-0.06063
14.858786946,0.124498,-0.066093
14.875453613,0.138604,-0.069736
14.892120279,0.141221,-0.061036
14.908786946,0.14208,-0.056748
14.925453613,0.132946,-0.041397
14.942120279,0.114937,-0.02091
14.958786946,0.08938,0.008055
14.975453613,0.066071,0.03279
14.992120279,0.043792,0.055903
15.008786946,0.023249,0.0727
15.025453613,0.004099,0.073184
15.042120279,-0.012517,0.065468
15.058786946,-0.022243,0.05999
15.075453613,-0.025724,0.050194
15.092120279,-0.02655,0.03597
15.108786946,-0.0216,0.017605
15.125453613,-0.016011,0.006781
15.142120279,-0.003638,-0.00696
15.158786946,0.010449,-0.022836
15.175453613,0.01906,-0.030469
15.192120279,0.023472,-0.02953
15.208786946,0.023442,-0.027878
15.225453613,0.018589,-0.026558
15.242120279,0.009875,-0.01753
15.258786946,-0.005895,0.00469
15.275453613,-0.025076,0.017961
15.292120279,-0.051735,0.028424
15.308786946,-0.077414,0.038586
15.325453613,-0.10143,0.045381
15.342120279,-0.126774,0.036935
15.358786946,-0.15262,0.027376
15.375453613,-0.175174,0.016218
15.392120279,-0.194058,0.005917
15.408786946,-0.206629,-0.001983
15.425453613,-0.213626,-0.009929
15.442120279,-0.216121,-0.018316
15.458786946,-0.213384,-0.026598
15.475453613,-0.20588,-0.034308
15.492120279,-0.193541,-0.03402
15.508786946,-0.17262,-0.031321
15.525453613,-0.143584,-0.016117
15.542120279,-0.10681,0.001922
15.558786946,-0.066863,0.0132
15.575453613,-0.018981,0.032356
15.592120279,0.036015,0.04528
15.608786946,0.082823,0.044951
15.625453613,0.131909,0.04426
15.642120279,0.183232,0.042194
15.658786946,0.226736,0.027539
15.675453613,0.262546,0.001887
15.692120279,0.289142,-0.022933
15.708786946,0.30477,-0.036893
15.725453613,0.306137,-0.043956
15.742120279,0.295824,-0.063238
15.758786946,0.271234,-0.072464
15.775453613,0.233948,-0.075725
15.792120279,0.182163,-0.071794
15.808786946,0.124027,-0.048245
15.825453613,0.05683,-0.015167
15.842120279,-0.022046,0.016491
15.858786946,-0.096313,0.050302
15.875453613,-0.162599,0.069016
15.892120279,-0.222101,0.087438
15.908786946,-0.265038,0.111643
15.925453613,-0.288892,0.114282
15.942120279,-0.30657,0.117801
15.958786946,-0.307334,0.111648
15.975453613,-0.293566,0.092617
15.992120279,-0.261,0.050445
16.008786946,-0.224959,0.012448
16.025453613,-0.174121,-0.04006
16.042120279,-0.121746,-0.068112
16.058786946,-0.066957,-0.089264
16.075453613,-0.020033,-0.106058
16.092120279,0.021501,-0.125896
16.108786946,0.05568,-0.122039
16.125453613,0.081784,-0.107004
16.142120279,0.096014,-0.090659
16.158786946,0.097442,-0.069854
16.175453613,0.086238,-0.033634
16.192120279,0.06607,0.016802
16.208786946,0.045073,0.058732
16.225453613,0.022637,0.088588
16.242120279,0.001437,0.10955
16.258786946,-0.016381,0.112562
16.275453613,-0.029864,0.110762
16.292120279,-0.035989,0.105468
16.308786946,-0.034707,0.09092
16.325453613,-0.022676,0.061509
16.342120279,-0.001371,0.024266
16.358786946,0.02949,-0.017635
16.375453613,0.063853,-0.052913
16.392120279,0.099877,-0.082028
16.408786946,0.135408,-0.104788
16.425453613,0.168232,-0.119409
16.442120279,0.199406,-0.123458
16.458786946,0.224719,-0.111711
16.475453613,0.241942,-0.089768
16.492120279,0.249227,-0.067226
16.508786946,0.246219,-0.046282
16.525453613,0.234138,-0.014299
16.542120279,0.21691,0.019833
16.558786946,0.188534,0.052405
16.575453613,0.148556,0.074915
16.592120279,0.103225,0.080668
16.608786946,0.06268,0.079735
16.625453613,0.024019,0.079904
16.642120279,-0.019496,0.066737
16.658786946,-0.060862,0.047162
16.675453613,-0.096152,0.038099
16.692120279,-0.131802,0.023554
16.708786946,-0.16315,-0.010114
16.725453613,-0.184527,-0.031753
16.742120279,-0.194409,-0.045854
16.758786946,-0.196893,-0.055298
16.775453613,-0.194524,-0.058137
16.792120279,-0.189363,-0.053222
16.808786946,-0.177506,-0.045986
16.825453613,-0.159174,-0.036723
16.842120279,-0.122027,-0.036466
16.858786946,-0.07641,-0.024633
16.875453613,-0.033812,-0.017917
16.892120279,0.019324,-0.00882
16.908786946,0.067447,0.009916
16.925453613,0.108073,0.011286
16.942120279,0.151131,0.010228
16.958786946,0.196342,0.009508
16.975453613,0.231924,-0.000114
16.992120279,0.255071,-0.011408
17.008786946,0.269332,-0.011914
17.025453613,0.279748,-0.012779
17.042120279,0.278659,-0.006804
17.058786946,0.268412,-0.005033
17.075453613,0.249029,-0.006618
17.092120279,0.2235,-0.002152
17.108786946,0.188798,0.007303
17.125453613,0.148784,0.006299
17.142120279,0.10354,0.021277
17.158786946,0.067463,0.036713
17.175453613,0.034174,0.036628
17.192120279,-0.001953,0.019504
17.208786946,-0.033897,0.005814
17.225453613,-0.049475,-0.006477
17.242120279,-0.064459,-0.005796
17.258786946,-0.076216,-0.007047
17.275453613,-0.084883,-0.009691
17.292120279,-0.090865,-0.014387
17.308786946,-0.094126,-0.016234
17.325453613,-0.089997,-0.024774
17.342120279,-0.090151,-0.019318
17.358786946,-0.089172,-0.012317
17.375453613,-0.087473,-0.003157
17.392120279,-0.088526,0.013483
17.408786946,-0.091742,0.029348
17.425453613,-0.095607,0.038832
17.442120279,-0.09959,0.047236
17.458786946,-0.106567,0.062559
17.475453613,-0.111288,0.068654
17.492120279,-0.118371,0.071467
17.508786946,-0.125202,0.074837
17.525453613,-0.123732,0.063542
17.542120279,-0.125468,0.044114
17.558786946,-0.129638,0.015038
17.575453613,-0.131231,-0.007696
17.592120279,-0.128421,-0.023597
17.608786946,-0.122224,-0.045426
17.625453613,-0.118054,-0.062188
17.642120279,-0.109737,-0.075401
17.658786946,-0.098928,-0.075366
17.675453613,-0.086354,-0.069222
17.692120279,-0.078584,-0.058216
17.708786946,-0.064064,-0.042757
17.725453613,-0.051838,-0.009044
17.742120279,-0.037578,0.020136
17.758786946,-0.019488,0.05265
17.775453613,0.001576,0.085341
17.792120279,0.020735,0.107388
17.808786946,0.037076,0.116296
17.825453613,0.056531,0.108598
17.842120279,0.075776,0.099964
17.858786946,0.097284,0.08357
17.875453613,0.116643,0.0631
17.892120279,0.124596,0.043506
17.908786946,0.130138,0.013297
17.925453613,0.12692,-0.016143
17.942120279,0.118519,-0.044056
17.958786946,0.100059,-0.061106
17.975453613,0.065034,-0.084698
17.992120279,0.020037,-0.10291
18.008786946,-0.028297,-0.096418
18.025453613,-0.088679,-0.075433
18.042120279,-0.148738,-0.063287
18.058786946,-0.206888,-0.031429
18.075453613,-0.264441,0.007243
18.092120279,-0.312495,0.030248
18.108786946,-0.355931,0.051021
18.125453613,-0.381405,0.072235
18.142120279,-0.386892,0.092288
18.158786946,-0.378226,0.110868
18.175453613,-0.352038,0.113416
18.192120279,-0.305429,0.107326
18.208786946,-0.242219,0.083404
18.225453613,-0.168159,0.063136
18.242120279,-0.089278,0.027106
18.258786946,-0.003646,-0.013431
18.275453613,0.087486,-0.048601
18.292120279,0.171072,-0.075532
18.308786946,0.24337,-0.104855
18.325453613,0.294876,-0.122397
18.342120279,0.336287,-0.136958
18.358786946,0.358136,-0.120287
18.375453613,0.364767,-0.108572
18.392120279,0.356142,-0.096726
18.408786946,0.332702,-0.06467
18.425453613,0.297514,-0.035311
18.442120279,0.247027,0.002893
18.458786946,0.192214,0.041145
18.475453613,0.143005,0.065102
18.492120279,0.094631,0.086683
18.508786946,0.050232,0.109087
18.525453613,0.020888,0.109162
18.542120279,0.001487,0.104541
18.558786946,-0.012965,0.10256
18.575453613,-0.019601,0.082981
18.592120279,-0.013075,0.047198
18.608786946,0.003896,0.0116
18.625453613,0.034373,-0.026886
18.642120279,0.06035,-0.052829
18.658786946,0.084573,-0.079114
18.675453613,0.102982,-0.086437
18.692120279,0.116162,-0.088529
18.708786946,0.124067,-0.092162
18.725453613,0.12533,-0.090238
18.742120279,0.118741,-0.075768
18.758786946,0.09888,-0.038602
18.775453613,0.067446,-0.004244
18.792120279,0.029241,0.019177
18.808786946,-0.014711,0.045192
18.825453613,-0.049583,0.052117
18.842120279,-0.091453,0.070818
18.858786946,-0.130247,0.081974
18.875453613,-0.160468,0.082675
18.892120279,-0.180246,0.078508
18.908786946,-0.194362,0.061849
18.925453613,-0.200468,0.038849
18.942120279,-0.190621,0.008575
18.958786946,-0.171344,-0.01955
18.975453613,-0.142914,-0.040599
18.992120279,-0.110912,-0.051799
19.008786946,-0.06853,-0.066541
19.025453613,-0.021,-0.084395
19.042120279,0.029008,-0.087227
19.058786946,0.079483,-0.081308
19.075453613,0.123033,-0.07682
19.092120279,0.163803,-0.066649
19.108786946,0.201678,-0.039279
19.125453613,0.229734,-0.018182
19.142120279,0.249318,-0.005509
19.158786946,0.265293,0.011687
19.175453613,0.27646,0.02313
19.192120279,0.27974,0.027412
19.208786946,0.27628,0.031612
19.225453613,0.267384,0.038969
19.242120279,0.246992,0.038548
19.258786946,0.219994,0.033413
19.275453613,0.191704,0.022119
19.292120279,0.157626,0.01302
19.308786946,0.125167,-0.005093
19.325453613,0.090796,-0.011501
19.342120279,0.05388,-0.015358
19.358786946,0.016144,-0.025802
19.375453613,-0.021368,-0.027638
19.392120279,-0.049809,-0.031857
19.408786946,-0.071347,-0.033174
19.425453613,-0.084687,-0.032568
19.442120279,-0.095272,-0.027571
19.458786946,-0.106568,-0.019507
19.475453613,-0.108317,-0.015724
19.492120279,-0.102906,-0.006459
19.508786946,-0.08893,-0.003399
19.525453613,-0.076613,-0.00113
19.542120279,-0.059336,-0.002393
19.558786946,-0.036855,0.004678
19.575453613,-0.015548,0.014983
19.592120279,0.002497,0.023337
19.608786946,0.020797,0.023044
19.625453613,0.036229,0.02906
19.642120279,0.045746,0.033942
19.658786946,0.047304,0.035579
19.675453613,0.043948,0.036456
19.692120279,0.03836,0.037367
19.708786946,0.025741,0.041649
19.725453613,0.006154,0.028408
19.742120279,-0.017786,0.008734
19.758786946,-0.036635,-0.002065
19.775453613,-0.054104,-0.006879
19.792120279,-0.071119,-0.014831
19.808786946,-0.091092,-0.027005
19.825453613,-0.108217,-0.034848
19.842120279,-0.116607,-0.039292
19.858786946,-0.125458,-0.041222
19.875453613,-0.131719,-0.051694
19.892120279,-0.135963,-0.046888
19.908786946,-0.129501,-0.036121
19.925453613,-0.123644,-0.016922
19.942120279,-0.109568,-0.001054
19.958786946,-0.092921,0.019906
19.975453613,-0.07328,0.037289
19.992120279,-0.051248,0.055321
20.008786946,-0.027476,0.067548
20.025453613,-0.000612,0.07485
20.042120279,0.029424,0.080903
20.058786946,0.053388,0.068411
20.075453613,0.074198,0.04431
20.092120279,0.094733,0.022769
20.108786946,0.108709,0.00961
20.125453613,0.118836,-0.011155
20.142120279,0.122443,-0.034166
20.158786946,0.119197,-0.050069
20.175453613,0.117161,-0.066024
20.192120279,0.105437,-0.078882
20.208786946,0.076608,-0.089194
20.225453613,0.042728,-0.088578
20.242120279,0.00705,-0.071204
20.258786946,-0.031752,-0.047507
20.275453613,-0.062759,-0.027595
20.292120279,-0.085876,-0.002285
20.308786946,-0.104679,0.025181
20.325453613,-0.119617,0.046759
20.342120279,-0.122092,0.058458
20.358786946,-0.114224,0.07509
20.375453613,-0.102425,0.087904
20.392120279,-0.078042,0.075843
20.408786946,-0.038795,0.0654
20.425453613,0.012877,0.058857
20.442120279,0.059518,0.039353
20.458786946,0.097891,0.003862
20.475453613,0.135279,-0.027468
20.492120279,0.175216,-0.053143
20.508786946,0.206809,-0.076727
20.525453613,0.22514,-0.098296
20.542120279,0.233482,-0.107568
20.558786946,0.232425,-0.102585
20.575453613,0.215726,-0.085798
20.592120279,0.181555,-0.071862
20.608786946,0.14334,-0.05312
20.625453613,0.103007,-0.02154
20.642120279,0.053306,0.005836
20.658786946,-0.006343,0.030136
20.675453613,-0.060029,0.055614
20.692120279,-0.102553,0.073932
20.708786946,-0.140884,0.085187
20.725453613,-0.166234,0.08112
20.742120279,-0.178804,0.073924
20.758786946,-0.181509,0.061451
20.775453613,-0.174789,0.043162
20.792120279,-0.155209,0.017927
20.808786946,-0.124931,0.006916
20.825453613,-0.086158,-0.012942
20.842120279,-0.04374,-0.042
20.858786946,0.006873,-0.062246
20.875453613,0.055641,-0.065136
20.892120279,0.091198,-0.062949
20.908786946,0.110227,-0.058816
20.925453613,0.126168,-0.058467
20.942120279,0.137074,-0.049047
20.958786946,0.142282,-0.035367
20.975453613,0.134034,-0.023251
20.992120279,0.10719,-0.002935
21.008786946,0.074606,0.025669
21.025453613,0.03905,0.049052
21.042120279,-0.006902,0.05269
21.058786946,-0.05903,0.040328
21.075453613,-0.099289,0.03645
21.092120279,-0.131529,0.0427
21.108786946,-0.170883,0.03683
21.125453613,-0.20926,0.021746
21.142120279,-0.228745,0.010802
21.158786946,-0.232191,0.007844
21.175453613,-0.229715,0.006366
21.192120279,-0.220438,-0.012268
21.208786946,-0.202921,-0.02483
21.225453613,-0.170612,-0.017278
21.242120279,-0.121987,-0.003758
21.258786946,-0.069779,-0.011642
21.275453613,-0.006689,-0.012886
21.292120279,0.067296,-0.002663
21.308786946,0.134931,0.005477
21.325453613,0.193799,0.005928
21.342120279,0.249082,-0.005385
21.358786946,0.31702,-0.001052
21.375453613,0.375469,-0.00314
21.392120279,0.407962,-0.025474
21.408786946,0.421416,-0.040459
21.425453613,0.426288,-0.041405
21.442120279,0.424776,-0.039339
21.458786946,0.407933,-0.046584
21.475453613,0.370656,-0.054062
21.492120279,0.327153,-0.059611
21.508786946,0.273075,-0.044512
21.525453613,0.206396,-0.016054
21.542120279,0.134034,0.000974
21.558786946,0.06764,0.025766
21.575453613,0.013466,0.050818
21.592120279,-0.03801,0.052744
21.608786946,-0.087839,0.048358
21.625453613,-0.125123,0.054609
21.642120279,-0.143145,0.054245
21.658786946,-0.150132,0.04475
21.675453613,-0.150354,0.025164
21.692120279,-0.141026,-0.010847
21.708786946,-0.117581,-0.042428
21.725453613,-0.096839,-0.072558
21.742120279,-0.069796,-0.084668
21.758786946,-0.045325,-0.100188
21.775453613,-0.029818,-0.114582
21.792120279,-0.011408,-0.119774
21.808786946,0.001795,-0.107142
21.825453613,0.010811,-0.095174
21.842120279,0.011122,-0.07126
21.858786946,0.00045,-0.023754
21.875453613,-0.011932,0.029178
21.892120279,-0.024067,0.063918
21.908786946,-0.038038,0.078092
21.925453613,-0.048697,0.085746
21.942120279,-0.053402,0.09609
21.958786946,-0.05622,0.097989
21.975453613,-0.059362,0.090866
21.992120279,-0.05962,0.076822
22.008786946,-0.045286,0.040755
22.025453613,-0.022642,-0.008302
22.042120279,0.002448,-0.056122
22.058786946,0.029761,-0.094457
22.075453613,0.056906,-0.10757
22.092120279,0.08232,-0.108762
22.108786946,0.104477,-0.108024
22.125453613,0.126062,-0.119917
22.142120279,0.144367,-0.131396
22.158786946,0.159075,-0.121228
22.175453613,0.166776,-0.091453
22.192120279,0.161591,-0.045554
22.208786946,0.150154,-0.000101
22.225453613,0.135431,0.037051
22.242120279,0.125397,0.057112
22.258786946,0.119139,0.069526
22.275453613,0.106792,0.08832
22.292120279,0.087474,0.111837
22.308786946,0.059384,0.13295
22.325453613,0.034102,0.125042
22.342120279,0.016981,0.091527
22.358786946,0.009682,0.052758
22.375453613,0.003804,0.019623
22.392120279,-0.01069,-0.003955
22.408786946,-0.035782,-0.017814
22.425453613,-0.05947,-0.031708
22.442120279,-0.074334,-0.05079
22.458786946,-0.084793,-0.080476
22.475453613,-0.089455,-0.10878
22.492120279,-0.096875,-0.117559
22.508786946,-0.110044,-0.088442
22.525453613,-0.127466,-0.051231
22.542120279,-0.140204,-0.028232
22.558786946,-0.140788,-0.022606
22.575453613,-0.127686,-0.021643
22.592120279,-0.109231,-0.013334
22.608786946,-0.088762,0.016287
22.625453613,-0.073368,0.044558
22.642120279,-0.049501,0.064832
22.658786946,-0.012746,0.065207
22.675453613,0.034694,0.040084
22.692120279,0.083207,0.008737
22.708786946,0.128008,-0.010042
22.725453613,0.160235,-0.000286
22.742120279,0.18577,0.008127
22.758786946,0.209345,-0.015197
22.775453613,0.23737,-0.053774
22.792120279,0.26957,-0.077127
22.808786946,0.286755,-0.083664
22.825453613,0.282358,-0.075481
22.842120279,0.259052,-0.049107
22.858786946,0.228898,-0.02296
22.875453613,0.200214,-0.026142
22.892120279,0.17095,-0.042484
22.908786946,0.138189,-0.038104
22.925453613,0.097662,-0.003638
22.942120279,0.038333,0.042495
22.958786946,-0.029939,0.057132
22.975453613,-0.080446,0.058964
22.992120279,-0.105481,0.057958
23.008786946,-0.127695,0.0538
23.025453613,-0.155902,0.051742
23.042120279,-0.18392,0.063094
23.058786946,-0.204466,0.079721
23.075453613,-0.215615,0.087293
23.092120279,-0.213672,0.07074
23.108786946,-0.193869,0.030243
23.125453613,-0.165999,0.009562
23.142120279,-0.139852,0.013329
23.158786946,-0.123711,0.017
23.175453613,-0.10898,0.012344
23.192120279,-0.085956,0.000397
23.208786946,-0.059673,-0.028409
23.225453613,-0.035199,-0.068245
23.242120279,-0.019372,-0.089173
23.258786946,-0.016684,-0.078418
23.275453613,-0.02581,-0.053562
23.292120279,-0.04342,-0.033424
23.308786946,-0.063147,-0.033963
23.325453613,-0.076134,-0.038027
23.342120279,-0.086843,-0.033397
23.358786946,-0.105218,-0.01024
23.375453613,-0.133024,0.029656
23.392120279,-0.160468,0.062274
23.408786946,-0.171458,0.074205
23.425453613,-0.164177,0.074262
23.442120279,-0.137903,0.066436
23.458786946,-0.101712,0.063279
23.475453613,-0.070842,0.07236
23.492120279,-0.03857,0.081552
23.508786946,0.001371,0.067702
23.525453613,0.056848,0.024624
23.542120279,0.118489,-0.03087
23.558786946,0.174164,-0.073847
23.575453613,0.214567,-0.09083
23.592120279,0.231264,-0.089656
23.608786946,0.231646,-0.087442
23.625453613,0.221455,-0.094902
23.642120279,0.203195,-0.104222
23.658786946,0.172198,-0.093359
23.675453613,0.121648,-0.055076
23.692120279,0.044014,-0.015219
23.708786946,-0.050595,0.030176
23.725453613,-0.137046,0.084002
23.742120279,-0.21091,0.118771
23.758786946,-0.275242,0.135024
23.775453613,-0.337262,0.14447
23.792120279,-0.396714,0.146713
23.808786946,-0.440181,0.146318
23.825453613,-0.457743,0.137531
23.842120279,-0.446304,0.106437
23.858786946,-0.407141,0.05826
23.875453613,-0.353489,0.0109
23.892120279,-0.29121,-0.039548
23.908786946,-0.21689,-0.078919
23.925453613,-0.138206,-0.113508
23.942120279,-0.054962,-0.146155
23.958786946,0.031197,-0.180136
23.975453613,0.119669,-0.187469
23.992120279,0.188497,-0.180812
24.008786946,0.238391,-0.157496
24.025453613,0.272441,-0.12427
24.042120279,0.289906,-0.093758
24.058786946,0.292796,-0.063333
24.075453613,0.283642,-0.025054
24.092120279,0.260859,0.018796
24.108786946,0.221834,0.065051
24.125453613,0.171619,0.117279
24.142120279,0.1148,0.153058
24.158786946,0.058567,0.159535
24.175453613,0.008932,0.155764
24.192120279,-0.034338,0.139518
24.208786946,-0.0733,0.112304
24.225453613,-0.107228,0.090651
24.242120279,-0.133149,0.06221
24.258786946,-0.148789,0.023838
24.275453613,-0.154446,-0.013586
24.292120279,-0.147278,-0.051672
24.308786946,-0.13447,-0.08219
24.325453613,-0.120232,-0.101087
24.342120279,-0.102962,-0.106735
24.358786946,-0.07884,-0.101321
24.375453613,-0.050794,-0.093306
24.392120279,-0.022329,-0.08302
24.408786946,0.004431,-0.0587
24.425453613,0.029018,-0.025367
24.442120279,0.043066,0.008434
24.458786946,0.049356,0.035159
24.475453613,0.054769,0.046026
24.492120279,0.061297,0.045743
24.508786946,0.065064,0.046126
24.525453613,0.06245,0.05247
24.542120279,0.05002,0.063052
24.558786946,0.027511,0.058966
24.575453613,0.005016,0.03255
24.592120279,-0.010573,0.006052
24.608786946,-0.01989,-0.010803
24.625453613,-0.029028,-0.024075
24.642120279,-0.038334,-0.025924
24.658786946,-0.044338,-0.017278
24.675453613,-0.043864,-0.016312
24.692120279,-0.038502,-0.026243
24.708786946,-0.021111,-0.042972
24.725453613,0.013828,-0.04671
24.742120279,0.051362,-0.028728
24.758786946,0.08233,-0.012127
24.775453613,0.109877,-0.013375
24.792120279,0.140161,-0.026536
24.808786946,0.183628,-0.045237
24.825453613,0.230758,-0.062897
24.842120279,0.265948,-0.067408
24.858786946,0.283439,-0.057576
24.875453613,0.286175,-0.045233
24.892120279,0.278272,-0.037368
24.908786946,0.265563,-0.04031
24.925453613,0.25421,-0.044074
24.942120279,0.23638,-0.030434
24.958786946,0.199612,0.001922
24.975453613,0.141964,0.0387
24.992120279,0.076243,0.073612
25.008786946,0.017139,0.08832
25.025453613,-0.027844,0.075483
25.042120279,-0.058232,0.05982
25.058786946,-0.08376,0.056578
25.075453613,-0.113619,0.073896
25.092120279,-0.145995,0.085374
25.108786946,-0.166527,0.060818
25.125453613,-0.164166,0.017071
25.142120279,-0.135872,-0.040782
25.158786946,-0.098116,-0.078612
25.175453613,-0.070832,-0.083071
25.192120279,-0.055684,-0.087
25.208786946,-0.035948,-0.104261
25.225453613,-0.001224,-0.12143
25.242120279,0.045251,-0.124556
25.258786946,0.090053,-0.114635
25.275453613,0.115777,-0.093296
25.292120279,0.12319,-0.059734
25.308786946,0.119753,-0.020105
25.325453613,0.111692,0.014628
25.342120279,0.10924,0.030947
25.358786946,0.11647,0.045185
25.375453613,0.118951,0.062827
25.392120279,0.099876,0.093179
25.408786946,0.074733,0.105213
25.425453613,0.046854,0.112799
25.442120279,0.030931,0.10393
25.458786946,0.026699,0.074137
25.475453613,0.020134,0.033945
25.492120279,0.010917,-0.001452
25.508786946,-0.010018,-0.024176
25.525453613,-0.034158,-0.039747
25.542120279,-0.050542,-0.050808
25.558786946,-0.056576,-0.071281
25.575453613,-0.057631,-0.0884
25.592120279,-0.058733,-0.090194
25.608786946,-0.066455,-0.076964
25.625453613,-0.083764,-0.047134
25.642120279,-0.091083,-0.024576
25.658786946,-0.08559,-0.002282
25.675453613,-0.073784,0.017084
25.692120279,-0.059953,0.030339
25.708786946,-0.043633,0.048229
25.725453613,-0.027878,0.074821
25.742120279,-0.006582,0.09261
25.758786946,0.021695,0.098308
25.775453613,0.053537,0.084993
25.792120279,0.083373,0.05147
25.808786946,0.103386,0.0262
25.825453613,0.116652,0.007086
25.842120279,0.13027,-0.017771
25.858786946,0.137539,-0.032999
25.875453613,0.138486,-0.039746
25.892120279,0.128912,-0.045409
25.908786946,0.112148,-0.05716
25.925453613,0.08471,-0.060708
25.942120279,0.049432,-0.058688
25.958786946,0.015498,-0.047584
25.975453613,-0.021746,-0.016547
25.992120279,-0.057612,0.011353
26.008786946,-0.097116,0.042687
26.025453613,-0.12355,0.053696
26.042120279,-0.137206,0.051293
26.058786946,-0.14165,0.053214
26.075453613,-0.139624,0.064473
26.092120279,-0.13301,0.077225
26.108786946,-0.122754,0.075943
26.125453613,-0.102529,0.057938
26.142120279,-0.067342,0.024248
26.158786946,-0.025816,-0.009207
26.175453613,0.019257,-0.034121
26.192120279,0.050944,-0.035752
26.208786946,0.067265,-0.031628
26.225453613,0.075293,-0.026758
26.242120279,0.080909,-0.04034
26.258786946,0.083302,-0.062787
26.275453613,0.080373,-0.064314
26.292120279,0.061173,-0.040343
26.308786946,0.012128,-0.00607
26.325453613,-0.047537,0.019971
26.342120279,-0.097847,0.038872
26.358786946,-0.134721,0.041384
26.375453613,-0.158998,0.033359
26.392120279,-0.188153,0.04008
26.408786946,-0.219216,0.054035
26.425453613,-0.243066,0.069178
26.442120279,-0.250464,0.070769
26.458786946,-0.235946,0.042872
26.475453613,-0.20075,-0.007853
26.492120279,-0.152847,-0.04289
26.508786946,-0.097178,-0.041792
26.525453613,-0.048748,-0.045387
26.542120279,0.007665,-0.05441
26.558786946,0.083951,-0.066228
26.575453613,0.165948,-0.085157
26.592120279,0.245214,-0.093105
26.608786946,0.30545,-0.088778
26.625453613,0.349351,-0.058202
26.642120279,0.375441,-0.021267
26.658786946,0.39016,-0.007093
26.675453613,0.399725,-0.011311
26.692120279,0.402597,-0.018513
26.708786946,0.391159,-0.009294
26.725453613,0.346704,0.022513
26.742120279,0.274725,0.034044
26.758786946,0.192834,0.040928
26.775453613,0.115887,0.040497
26.792120279,0.044524,0.034425
26.808786946,-0.025733,0.018926
26.825453613,-0.104178,0.024935
26.842120279,-0.185668,0.043111
26.858786946,-0.252092,0.068726
26.875453613,-0.30057,0.070792
26.892120279,-0.328523,0.051935
26.908786946,-0.333201,0.037384
26.925453613,-0.324073,0.02584
26.942120279,-0.300894,0.025542
26.958786946,-0.259556,0.029862
26.975453613,-0.211882,0.017365
26.992120279,-0.150181,-0.010887
27.008786946,-0.070632,-0.042928
27.025453613,0.013313,-0.078676
27.042120279,0.098849,-0.105255
27.058786946,0.166941,-0.110934
27.075453613,0.221489,-0.101698
27.092120279,0.263588,-0.093219
27.108786946,0.293689,-0.099079
27.125453613,0.310827,-0.10217
27.142120279,0.316871,-0.094108
27.158786946,0.303259,-0.068018
27.175453613,0.262557,-0.025836
27.192120279,0.218504,0.01109
27.208786946,0.161365,0.05697
27.225453613,0.093353,0.093312
27.242120279,0.031008,0.118114
27.258786946,-0.021883,0.120174
27.275453613,-0.077473,0.12497
27.292120279,-0.128535,0.137875
27.308786946,-0.169127,0.131517
27.325453613,-0.19263,0.09916
27.342120279,-0.194702,0.06011
27.358786946,-0.183817,0.01538
27.375453613,-0.172546,-0.027195
27.392120279,-0.16183,-0.058051
27.408786946,-0.146704,-0.08341
27.425453613,-0.123177,-0.098768
27.442120279,-0.093673,-0.117218
27.458786946,-0.0646,-0.13584
27.475453613,-0.039717,-0.126424
27.492120279,-0.026531,-0.099218
27.508786946,-0.031984,-0.065566
27.525453613,-0.04697,-0.021913
27.542120279,-0.05494,0.016999
27.558786946,-0.058462,0.049412
27.575453613,-0.060782,0.073061
27.592120279,-0.071845,0.10029
27.608786946,-0.085733,0.122284
27.625453613,-0.09653,0.1374
27.642120279,-0.101151,0.13584
27.658786946,-0.10063,0.111263
27.675453613,-0.091592,0.073654
27.692120279,-0.07393,0.028909
27.708786946,-0.054169,-0.014989
27.725453613,-0.035948,-0.053698
27.742120279,-0.018275,-0.086308
27.758786946,0.006184,-0.124625
27.775453613,0.034127,-0.15209
27.792120279,0.062451,-0.161028
27.808786946,0.090152,-0.150706
27.825453613,0.114345,-0.128962
27.842120279,0.128838,-0.095528
27.858786946,0.140694,-0.055847
27.875453613,0.153504,-0.022817
27.892120279,0.162386,0.011585
27.908786946,0.17235,0.045403
27.925453613,0.177169,0.072025
27.942120279,0.171144,0.100997
27.958786946,0.164766,0.117319
27.975453613,0.151576,0.126798
27.992120279,0.134532,0.117762
28.008786946,0.118484,0.086728
28.025453613,0.09773,0.054643
28.042120279,0.074659,0.03055
28.058786946,0.041441,0.010413
28.075453613,-0.004224,-0.011358
28.092120279,-0.045078,-0.031397
28.108786946,-0.087025,-0.0423
28.125453613,-0.12675,-0.061535
28.142120279,-0.162589,-0.066327
28.158786946,-0.194101,-0.052889
28.175453613,-0.223751,-0.035831
28.192120279,-0.249704,-0.01672
28.208786946,-0.266088,-0.001539
28.225453613,-0.268858,0.008358
28.242120279,-0.257819,0.014696
28.258786946,-0.232683,0.018517
28.275453613,-0.19854,0.025589
28.292120279,-0.154788,0.045624
28.308786946,-0.109047,0.052182
28.325453613,-0.057028,0.036994
28.342120279,0.009956,0.018758
28.358786946,0.078527,-0.011944
28.375453613,0.133931,-0.040892
28.392120279,0.184596,-0.050127
28.408786946,0.225916,-0.044357
28.425453613,0.250697,-0.040958
28.442120279,0.26306,-0.044548
28.458786946,0.268661,-0.053184
28.475453613,0.265469,-0.051972
28.492120279,0.248834,-0.032469
28.508786946,0.212546,-0.002141
28.525453613,0.163667,0.022666
28.542120279,0.114192,0.045768
28.558786946,0.065582,0.065502
28.575453613,0.008358,0.074408
28.592120279,-0.048705,0.05982
28.608786946,-0.094831,0.055378
28.625453613,-0.136386,0.065158
28.642120279,-0.174104,0.05763
28.658786946,-0.205372,0.043649
28.675453613,-0.219434,0.031679
28.692120279,-0.22016,0.01836
28.708786946,-0.215342,-0.000613
28.725453613,-0.20901,-0.020903
28.742120279,-0.196984,-0.041622
28.758786946,-0.180863,-0.038216
28.775453613,-0.15584,-0.030706
28.792120279,-0.125946,-0.026376
28.808786946,-0.094435,-0.02531
28.825453613,-0.065306,-0.021671
28.842120279,-0.03867,-0.01312
28.858786946,-0.015803,-0.001816
28.875453613,0.002152,0.02158
28.892120279,0.019188,0.037866
28.908786946,0.029692,0.041122
28.925453613,0.035268,0.030795
28.942120279,0.040281,0.015598
28.958786946,0.038879,0.01291
28.975453613,0.034066,0.006343
28.992120279,0.022441,-0.011491
29.008786946,0.011167,-0.028103
29.025453613,0.008149,-0.035472
29.042120279,0.008418,-0.039897
29.058786946,0.006994,-0.045864
29.075453613,0.007685,-0.046248
29.092120279,0.017161,-0.029328
29.108786946,0.035981,-0.008775
29.125453613,0.060105,-0.001192
29.142120279,0.091449,-0.001243
29.158786946,0.133278,-0.001182
29.175453613,0.177589,0.008496
29.192120279,0.217636,0.010219
29.208786946,0.255811,0.00489
29.225453613,0.300078,0.00571
29.242120279,0.345695,0.00161
29.258786946,0.381282,-0.014141
29.275453613,0.403136,-0.028353
29.292120279,0.409421,-0.031079
29.308786946,0.404661,-0.034839
29.325453613,0.38587,-0.042687
29.342120279,0.350134,-0.051065
29.358786946,0.302822,-0.05738
29.375453613,0.242898,-0.046123
29.392120279,0.168876,-0.034225
29.408786946,0.091065,-0.006224
29.425453613,0.002056,0.021563
29.442120279,-0.080633,0.033928
29.458786946,-0.15447,0.035338
29.475453613,-0.215926,0.043436
29.492120279,-0.268611,0.062835
29.508786946,-0.308684,0.066766
29.525453613,-0.328694,0.060781
29.542120279,-0.335819,0.057374
29.558786946,-0.320145,0.036285
29.575453613,-0.282106,0.017856
29.592120279,-0.233068,-0.000645
29.608786946,-0.172899,-0.034201
29.625453613,-0.089961,-0.070146
29.642120279,-0.007344,-0.092505
29.658786946,0.079,-0.092361
29.675453613,0.16177,-0.105414
29.692120279,0.236765,-0.112692
29.708786946,0.303993,-0.114993
29.725453613,0.36798,-0.098308
29.742120279,0.410209,-0.07492
29.758786946,0.433237,-0.058629
29.775453613,0.436621,-0.036481
29.792120279,0.426987,-0.013259
29.808786946,0.403899,0.010832
29.825453613,0.368254,0.027156
29.842120279,0.315994,0.035652
29.858786946,0.25351,0.044874
29.875453613,0.187975,0.061548
29.892120279,0.11564,0.074942
29.908786946,0.047768,0.084229
29.925453613,-0.019993,0.080484
29.942120279,-0.079002,0.06205
29.958786946,-0.131007,0.052566
29.975453613,-0.173236,0.03675
29.992120279,-0.203128,0.021652
30.008786946,-0.222333,0.019511
30.025453613,-0.234594,0.017169
30.042120279,-0.235744,0.001876
30.058786946,-0.229739,-0.017426
30.075453613,-0.217438,-0.033367
30.092120279,-0.201738,-0.037943
30.108786946,-0.182554,-0.040321
30.125453613,-0.161454,-0.036097
30.142120279,-0.135153,-0.027578
30.158786946,-0.10561,-0.016255
30.175453613,-0.079691,-0.008917
30.192120279,-0.058007,-0.004082
30.208786946,-0.038526,0.004713
30.225453613,-0.021092,0.021783
30.242120279,-0.007716,0.038202
30.258786946,0.000375,0.045784
30.275453613,0.004612,0.04287
30.292120279,0.008942,0.037283
30.308786946,0.01007,0.032318
30.325453613,0.006603,0.027803
30.342120279,-0.000515,0.018406
30.358786946,-0.010057,0.010158
30.375453613,-0.017416,0.000503
30.392120279,-0.023258,-0.009974
30.408786946,-0.027866,-0.02022
30.425453613,-0.032236,-0.029112
30.442120279,-0.033244,-0.032213
30.458786946,-0.031884,-0.028236
30.475453613,-0.026016,-0.021054
30.492120279,-0.014116,-0.015746
