t_s,bending_avg_y_mm,torsion_diff_y_mm,bending_smoothed_mm,torsion_smoothed_mm
0.008787,-0.145442,0.039045,-0.144603,0.034862
0.025454,-0.166562,0.024427,-0.166123,0.024554
0.042120,-0.174945,0.010169,-0.174830,0.010331
0.058787,-0.171842,-0.003960,-0.171879,-0.003803
0.075454,-0.158222,-0.016057,-0.157804,-0.016089
0.092120,-0.126131,-0.028442,-0.125971,-0.028543
0.108787,-0.081830,-0.041576,-0.082337,-0.041484
0.125454,-0.039608,-0.050916,-0.039152,-0.051211
0.142120,0.014983,-0.062346,0.015058,-0.061496
0.158787,0.071992,-0.055120,0.071777,-0.055789
0.175454,0.122887,-0.056772,0.122650,-0.056595
0.192120,0.164366,-0.052765,0.164699,-0.052708
0.208787,0.204428,-0.045806,0.204148,-0.045620
0.225454,0.230511,-0.034390,0.230373,-0.034701
0.242120,0.244124,-0.028146,0.244237,-0.028355
0.258787,0.249368,-0.025151,0.249360,-0.024856
0.275454,0.243971,-0.015791,0.243964,-0.015684
0.292120,0.227934,-0.003477,0.227731,-0.003297
0.308787,0.198334,0.012271,0.198235,0.011563
0.325454,0.158898,0.014849,0.158621,0.015482
0.342120,0.109349,0.027933,0.110001,0.027674
0.358787,0.069221,0.034996,0.068870,0.035507
0.375454,0.023121,0.048574,0.023017,0.047708
0.392120,-0.022012,0.043407,-0.021970,0.043460
0.408787,-0.060801,0.036590,-0.060486,0.037062
0.425454,-0.086025,0.036660,-0.085980,0.036687
0.442120,-0.101387,0.035809,-0.101446,0.035659
0.458787,-0.108490,0.029923,-0.108537,0.029973
0.475454,-0.106958,0.021639,-0.106943,0.021468
0.492120,-0.095516,0.006901,-0.095292,0.006765
0.508787,-0.070874,-0.012671,-0.070750,-0.012784
0.525454,-0.036216,-0.034652,-0.036403,-0.034462
0.542120,0.000749,-0.051426,0.000951,-0.051177
0.558787,0.044217,-0.060712,0.044368,-0.060656
0.575454,0.090023,-0.065972,0.089786,-0.066197
0.592120,0.128019,-0.072424,0.127711,-0.072697
0.608787,0.154698,-0.080193,0.154799,-0.079946
0.625454,0.176311,-0.078597,0.176463,-0.078415
0.642120,0.193021,-0.067844,0.193011,-0.067798
0.658787,0.200729,-0.050573,0.200694,-0.050616
0.675454,0.197714,-0.029531,0.197402,-0.029367
0.692120,0.178829,-0.002856,0.178595,-0.002769
0.708787,0.146765,0.026112,0.147156,0.025456
0.725454,0.114732,0.042680,0.114646,0.043235
0.742120,0.076180,0.067019,0.076038,0.067507
0.758787,0.031824,0.095860,0.031948,0.094835
0.775454,-0.011458,0.100010,-0.011865,0.100306
0.792120,-0.060404,0.101942,-0.059877,0.101873
0.808787,-0.095766,0.095442,-0.095764,0.095484
0.825454,-0.125203,0.083388,-0.125260,0.083127
0.842120,-0.149019,0.061491,-0.148953,0.061732
0.858787,-0.164723,0.040108,-0.164776,0.040065
0.875454,-0.174172,0.015666,-0.174067,0.015494
0.892120,-0.174404,-0.012836,-0.174510,-0.012435
0.908787,-0.169263,-0.033914,-0.169076,-0.034449
0.925454,-0.154094,-0.062405,-0.153926,-0.062488
0.942120,-0.130728,-0.087748,-0.130796,-0.087131
0.958787,-0.105769,-0.095086,-0.105673,-0.095290
0.975454,-0.079169,-0.097965,-0.079359,-0.097622
0.992120,-0.058388,-0.087272,-0.058707,-0.087314
1.008787,-0.046758,-0.071254,-0.046724,-0.071716
1.025454,-0.037701,-0.058387,-0.037508,-0.058093
1.042120,-0.027830,-0.035586,-0.027704,-0.035509
1.058787,-0.018581,-0.006972,-0.018603,-0.007115
1.075454,-0.013438,0.022248,-0.013789,0.023063
1.092120,-0.018652,0.066246,-0.018613,0.065676
1.108787,-0.026627,0.096598,-0.026537,0.096281
1.125454,-0.035136,0.114493,-0.035230,0.114969
1.142120,-0.046187,0.131882,-0.045972,0.131334
1.158787,-0.053580,0.129840,-0.053512,0.129523
1.175454,-0.059712,0.113073,-0.060071,0.113687
1.192120,-0.071956,0.099964,-0.071736,0.099293
1.208787,-0.079362,0.069890,-0.079422,0.070360
1.225454,-0.086194,0.045006,-0.086037,0.045312
1.242120,-0.088294,0.023391,-0.088310,0.022856
1.258787,-0.089015,-0.008892,-0.089041,-0.009235
1.275454,-0.089028,-0.046196,-0.089025,-0.045760
1.292120,-0.088353,-0.071414,-0.088356,-0.071182
1.308787,-0.087398,-0.085785,-0.087534,-0.085731
1.325454,-0.088441,-0.091784,-0.088432,-0.091933
1.342120,-0.088302,-0.093096,-0.088319,-0.093181
1.358787,-0.086776,-0.088675,-0.086477,-0.088238
1.375454,-0.078020,-0.069865,-0.078192,-0.069850
1.392120,-0.070720,-0.045409,-0.070817,-0.046088
1.408787,-0.063563,-0.028910,-0.063738,-0.028224
1.425454,-0.057200,0.002870,-0.056958,0.002904
1.442120,-0.043212,0.036359,-0.043037,0.036429
1.458787,-0.022454,0.068632,-0.022609,0.068766
1.475454,-0.001173,0.096466,-0.001168,0.095849
1.492120,0.022828,0.103574,0.022958,0.103053
1.508787,0.051147,0.091752,0.051008,0.092036
1.525454,0.078140,0.077960,0.078387,0.078101
1.542120,0.109298,0.062399,0.109313,0.062881
1.558787,0.138563,0.052356,0.138401,0.051820
1.575454,0.160756,0.030055,0.160690,0.029899
1.592120,0.176074,0.003084,0.176078,0.003595
1.608787,0.184645,-0.015372,0.184881,-0.015712
1.625454,0.189578,-0.038816,0.189197,-0.039170
1.642120,0.178920,-0.064958,0.179044,-0.064853
1.658787,0.161324,-0.082931,0.161168,-0.081648
1.675454,0.131993,-0.071010,0.132189,-0.071625
1.692120,0.097864,-0.064622,0.097501,-0.065265
1.708787,0.050391,-0.065680,0.050199,-0.065450
1.725454,-0.004846,-0.058580,-0.004479,-0.057913
1.742120,-0.054938,-0.035545,-0.054858,-0.035798
1.758787,-0.102572,-0.014110,-0.102742,-0.014733
1.775454,-0.150129,-0.002398,-0.150422,-0.001420
1.792120,-0.197252,0.026531,-0.196872,0.026255
1.808787,-0.229247,0.048291,-0.228970,0.047811
1.825454,-0.246234,0.057058,-0.246448,0.057485
1.842120,-0.256589,0.067798,-0.256426,0.067206
1.858787,-0.253831,0.062544,-0.254007,0.062768
1.875454,-0.244136,0.056890,-0.244053,0.056908
1.892120,-0.223036,0.048509,-0.222847,0.048526
1.908787,-0.189442,0.038352,-0.189282,0.038608
1.925454,-0.145681,0.030674,-0.145850,0.030629
1.942120,-0.100045,0.019900,-0.100159,0.019214
1.958787,-0.053927,-0.004418,-0.053657,-0.004289
1.975454,-0.003024,-0.025502,-0.002877,-0.024737
1.992120,0.047259,-0.030262,0.047001,-0.030416
2.008787,0.086373,-0.035090,0.086033,-0.035378
2.025454,0.110686,-0.043204,0.110735,-0.043259
2.042120,0.126574,-0.050489,0.126628,-0.050418
2.058787,0.134349,-0.053698,0.134427,-0.053780
2.075454,0.134444,-0.054424,0.134456,-0.054156
2.092120,0.125416,-0.046291,0.125171,-0.045856
2.108787,0.102585,-0.027669,0.102777,-0.028196
2.125454,0.074462,-0.018045,0.073924,-0.017870
2.142120,0.029985,-0.006440,0.030157,-0.007232
2.158787,-0.015061,-0.010088,-0.015016,-0.009138
2.175454,-0.059531,0.002570,-0.059283,0.002464
2.192120,-0.097143,0.012574,-0.097155,0.011983
2.208787,-0.130778,0.011058,-0.131066,0.011345
2.225454,-0.163671,0.014048,-0.163479,0.014173
2.242120,-0.185312,0.019377,-0.185262,0.019359
2.258787,-0.196344,0.024601,-0.196313,0.024602
2.275454,-0.195796,0.029534,-0.195726,0.029602
2.292120,-0.182368,0.034591,-0.182291,0.034587
2.308787,-0.156124,0.037670,-0.155938,0.037485
2.325454,-0.116247,0.035102,-0.116299,0.035046
2.342120,-0.068879,0.029053,-0.068946,0.029521
2.358787,-0.016636,0.028412,-0.016382,0.028182
2.375454,0.043516,0.020103,0.043372,0.019510
2.392120,0.101293,-0.002084,0.101483,-0.001742
2.408787,0.158906,-0.020106,0.158872,-0.019805
2.425454,0.208444,-0.033099,0.208127,-0.033551
2.442120,0.241698,-0.053184,0.241564,-0.053106
2.458787,0.259980,-0.069482,0.260191,-0.069324
2.475454,0.268395,-0.079324,0.268302,-0.078943
2.492120,0.260644,-0.078065,0.260625,-0.078848
2.508787,0.237735,-0.085891,0.237135,-0.085586
2.525454,0.190426,-0.082318,0.190743,-0.081972
2.542120,0.137495,-0.065970,0.137677,-0.065836
2.558787,0.079434,-0.041508,0.078959,-0.041682
2.575454,0.007808,-0.016462,0.007805,-0.016562
2.592120,-0.064996,0.008545,-0.064771,0.008657
2.608787,-0.130296,0.035896,-0.130420,0.035760
2.625454,-0.189952,0.059725,-0.189697,0.060163
2.642120,-0.233809,0.088243,-0.233697,0.087929
2.658787,-0.262052,0.105422,-0.262145,0.105528
2.675454,-0.276654,0.116189,-0.276692,0.115956
2.692120,-0.275042,0.113261,-0.275059,0.112572
2.708787,-0.255626,0.089362,-0.254951,0.090046
2.725454,-0.206576,0.070549,-0.206399,0.071010
2.742120,-0.139822,0.053960,-0.140168,0.052779
2.758787,-0.069143,0.011246,-0.069278,0.011783
2.775454,0.005038,-0.024890,0.005276,-0.025099
2.792120,0.085555,-0.064094,0.085774,-0.064321
2.808787,0.167534,-0.102836,0.167499,-0.101926
2.825454,0.241001,-0.118192,0.240697,-0.118605
2.842120,0.296269,-0.132404,0.295850,-0.132492
2.858787,0.328435,-0.139014,0.328514,-0.138824
2.875454,0.345498,-0.132496,0.345717,-0.132387
2.892120,0.349766,-0.114063,0.349610,-0.114061
2.908787,0.334577,-0.086346,0.334215,-0.086215
2.925454,0.296893,-0.048552,0.297138,-0.048628
2.942120,0.249253,-0.006837,0.249055,-0.006272
2.958787,0.186462,0.046739,0.186252,0.046138
2.975454,0.112008,0.086947,0.111999,0.087542
2.992120,0.034176,0.130529,0.034278,0.129809
3.008787,-0.039892,0.150758,-0.039848,0.150299
3.025454,-0.106888,0.151164,-0.106316,0.151881
3.042120,-0.154796,0.153036,-0.155042,0.152696
3.058787,-0.196764,0.138514,-0.197247,0.138097
3.075454,-0.235585,0.107677,-0.234985,0.108112
3.092120,-0.250180,0.077414,-0.250256,0.077724
3.108787,-0.251718,0.047160,-0.251279,0.046220
3.125454,-0.232128,-0.003132,-0.232187,-0.003070
3.142120,-0.203041,-0.051882,-0.203236,-0.051342
3.158787,-0.169862,-0.086304,-0.170010,-0.086312
3.175454,-0.134119,-0.112912,-0.133880,-0.113086
3.192120,-0.090672,-0.132899,-0.090804,-0.132444
3.208787,-0.047889,-0.134062,-0.047831,-0.134387
3.225454,-0.004294,-0.130014,-0.004301,-0.129627
3.242120,0.036666,-0.108794,0.036956,-0.108695
3.258787,0.077620,-0.077660,0.077226,-0.077546
3.275454,0.103946,-0.039664,0.103651,-0.039860
3.292120,0.116532,-0.003891,0.116465,-0.004201
3.308787,0.120428,0.024999,0.120613,0.025237
3.325454,0.121927,0.054866,0.122047,0.055045
3.342120,0.120983,0.082798,0.121151,0.082424
3.358787,0.118275,0.097208,0.118215,0.097079
3.375454,0.109063,0.101582,0.108594,0.101764
3.392120,0.086299,0.101362,0.086301,0.101378
3.408787,0.060092,0.093548,0.060352,0.093507
3.425454,0.037444,0.077088,0.037377,0.076759
3.442120,0.014320,0.048106,0.014595,0.047641
3.458787,-0.002401,0.007472,-0.002581,0.007988
3.475454,-0.020658,-0.022924,-0.020654,-0.022789
3.492120,-0.036917,-0.046553,-0.037018,-0.046134
3.508787,-0.052241,-0.057438,-0.052318,-0.057598
3.525454,-0.064766,-0.066687,-0.064657,-0.066975
3.542120,-0.069659,-0.077132,-0.069481,-0.077288
3.558787,-0.064930,-0.085667,-0.064748,-0.085456
3.575454,-0.051024,-0.084070,-0.051131,-0.084057
3.592120,-0.034354,-0.074688,-0.034565,-0.074281
3.608787,-0.017632,-0.051174,-0.017733,-0.050878
3.625454,0.001264,-0.018788,0.001394,-0.018740
3.642120,0.027040,0.013310,0.027302,0.012446
3.658787,0.062023,0.025444,0.061935,0.025070
3.675454,0.098617,0.026206,0.098959,0.026707
3.692120,0.141874,0.032796,0.141679,0.033351
3.708787,0.179430,0.046899,0.178880,0.046310
3.725454,0.203644,0.047263,0.203524,0.047408
3.742120,0.222670,0.045671,0.223390,0.045869
3.758787,0.252034,0.042698,0.252154,0.041745
3.775454,0.279797,0.019116,0.279505,0.019525
3.792120,0.295941,0.001776,0.295888,0.002190
3.808787,0.302382,-0.006839,0.302211,-0.006881
3.825454,0.296209,-0.013914,0.296003,-0.014030
3.842120,0.277622,-0.021082,0.277612,-0.020903
3.858787,0.251988,-0.023559,0.252251,-0.023751
3.875454,0.225776,-0.028114,0.226100,-0.028211
3.892120,0.200370,-0.032847,0.200047,-0.032621
3.908787,0.163902,-0.031379,0.163537,-0.031694
3.925454,0.116086,-0.033086,0.116306,-0.032245
3.942120,0.069427,-0.018134,0.069110,-0.018737
3.958787,0.017656,-0.013947,0.017795,-0.013870
3.975454,-0.027823,-0.009640,-0.027224,-0.010037
3.992120,-0.056970,-0.013444,-0.057036,-0.013316
4.008787,-0.081667,-0.014477,-0.081894,-0.014264
4.025454,-0.105638,-0.009978,-0.105718,-0.009742
4.042120,-0.126440,0.000487,-0.126472,0.000318
4.058787,-0.142376,0.008648,-0.142341,0.008604
4.075454,-0.151196,0.015874,-0.150930,0.015580
4.092120,-0.148452,0.017661,-0.148434,0.018026
4.108787,-0.139442,0.026150,-0.139312,0.026079
4.125454,-0.124154,0.033711,-0.124214,0.033668
4.142120,-0.108364,0.040560,-0.108598,0.040651
4.158787,-0.096970,0.048398,-0.097083,0.048534
4.175454,-0.088527,0.056921,-0.088396,0.056839
4.192120,-0.078755,0.060895,-0.078648,0.060657
4.208787,-0.068476,0.056822,-0.068380,0.056671
4.225454,-0.059104,0.046935,-0.059174,0.046901
4.242120,-0.055180,0.034993,-0.055410,0.035377
4.258787,-0.060653,0.029684,-0.060610,0.029850
4.275454,-0.070926,0.026769,-0.070948,0.026725
4.292120,-0.086668,0.020973,-0.086806,0.020656
4.308787,-0.108921,0.006465,-0.108917,0.006075
4.325454,-0.133719,-0.016618,-0.133595,-0.016837
4.342120,-0.157571,-0.041596,-0.157448,-0.040840
4.358787,-0.179654,-0.047641,-0.179798,-0.047332
4.375454,-0.204078,-0.041766,-0.204299,-0.041927
4.392120,-0.230965,-0.033907,-0.230900,-0.033917
4.408787,-0.253178,-0.023632,-0.253055,-0.023895
4.425454,-0.267512,-0.016686,-0.267471,-0.016853
4.442120,-0.273795,-0.011127,-0.273765,-0.010973
4.458787,-0.271353,-0.000367,-0.271230,-0.000085
4.475454,-0.258180,0.018006,-0.258318,0.018131
4.492120,-0.238663,0.039816,-0.238794,0.039711
4.508787,-0.212351,0.058555,-0.211913,0.058476
4.525454,-0.169264,0.072471,-0.169234,0.072257
4.542120,-0.118082,0.077870,-0.118037,0.077985
4.558787,-0.061379,0.080006,-0.061247,0.080131
4.575454,-0.001250,0.078716,-0.001472,0.078341
4.592120,0.052510,0.065304,0.052302,0.065199
4.608787,0.097592,0.045730,0.097628,0.045997
4.625454,0.136828,0.028327,0.136947,0.028352
4.642120,0.170454,0.010235,0.170494,0.010072
4.658787,0.195376,-0.010757,0.195374,-0.010693
4.675454,0.208813,-0.029529,0.208670,-0.029383
4.692120,0.206695,-0.043284,0.206400,-0.043760
4.708787,0.186213,-0.061402,0.186038,-0.061020
4.725454,0.151022,-0.067227,0.151371,-0.066617
4.742120,0.112684,-0.056735,0.112594,-0.057268
4.758787,0.065554,-0.051193,0.065341,-0.051683
4.775454,0.009706,-0.050294,0.009754,-0.049487
4.792120,-0.047401,-0.030972,-0.047380,-0.030923
4.808787,-0.102930,-0.007601,-0.103004,-0.008038
4.825454,-0.155019,0.009203,-0.155062,0.009618
4.842120,-0.199719,0.032362,-0.199261,0.032201
4.858787,-0.225611,0.049579,-0.225624,0.049382
4.875454,-0.239965,0.058693,-0.240069,0.058620
4.892120,-0.244031,0.061341,-0.244133,0.061337
4.908787,-0.237378,0.059263,-0.237161,0.059175
4.925454,-0.213996,0.051935,-0.213844,0.052094
4.942120,-0.175605,0.044352,-0.175556,0.044733
4.958787,-0.125800,0.040370,-0.125774,0.039668
4.975454,-0.067731,0.020324,-0.067642,0.020741
4.992120,-0.003896,0.004155,-0.003638,0.004056
5.008787,0.064510,-0.016324,0.063937,-0.017069
5.025454,0.119020,-0.049728,0.118808,-0.049683
5.042120,0.163791,-0.077654,0.164320,-0.076578
5.058787,0.210374,-0.078847,0.210402,-0.078374
5.075454,0.247684,-0.064879,0.247308,-0.065809
5.092120,0.266102,-0.063750,0.266047,-0.063766
5.108787,0.269759,-0.060855,0.269858,-0.061056
5.125454,0.261094,-0.059168,0.260724,-0.058535
5.142120,0.232657,-0.043138,0.232611,-0.043497
5.158787,0.192434,-0.030561,0.192425,-0.030567
5.175454,0.144150,-0.015871,0.144376,-0.015429
5.192120,0.095161,0.007226,0.094984,0.007339
5.208787,0.041356,0.030351,0.041171,0.029625
5.225454,-0.014042,0.036551,-0.013801,0.036384
5.242120,-0.059994,0.035696,-0.059788,0.036162
5.258787,-0.094317,0.040059,-0.094442,0.040198
5.275454,-0.121089,0.044158,-0.120994,0.043863
5.292120,-0.135301,0.039878,-0.135161,0.039817
5.308787,-0.135594,0.031167,-0.135658,0.031420
5.325454,-0.125661,0.023704,-0.125534,0.023587
5.342120,-0.102788,0.010838,-0.102729,0.010825
5.358787,-0.069805,-0.005971,-0.069490,-0.005791
5.375454,-0.024324,-0.022626,-0.025095,-0.024048
5.392120,0.012288,-0.064692,0.012755,-0.063679
5.408787,0.060599,-0.084502,0.060740,-0.083768
5.425454,0.113146,-0.084033,0.112987,-0.084819
5.442120,0.162165,-0.089913,0.162340,-0.089274
5.458787,0.210576,-0.077985,0.210465,-0.078127
5.475454,0.250487,-0.063774,0.250199,-0.063966
5.492120,0.276651,-0.049760,0.276811,-0.049693
5.508787,0.295638,-0.032506,0.295727,-0.032629
5.525454,0.304935,-0.015931,0.304838,-0.015842
5.542120,0.300022,0.003090,0.299749,0.003432
5.558787,0.277378,0.027917,0.277280,0.027432
5.575454,0.240958,0.042478,0.241165,0.042600
5.592120,0.197866,0.056658,0.197688,0.056696
5.608787,0.143153,0.068378,0.143140,0.068443
5.625454,0.081733,0.077506,0.081922,0.077387
5.642120,0.019465,0.080367,0.018986,0.080009
5.658787,-0.052804,0.073162,-0.052494,0.073490
5.675454,-0.117872,0.069393,-0.117812,0.069278
5.692120,-0.177182,0.062274,-0.177264,0.062627
5.708787,-0.230744,0.060297,-0.230614,0.060191
5.725454,-0.272712,0.054713,-0.272778,0.054390
5.742120,-0.304864,0.041515,-0.304645,0.041516
5.758787,-0.320853,0.027429,-0.321015,0.027468
5.775454,-0.326510,0.014769,-0.326531,0.014957
5.792120,-0.318663,0.007047,-0.318228,0.007473
5.808787,-0.289447,0.007832,-0.289409,0.007425
5.825454,-0.247407,0.001076,-0.247700,0.000593
5.842120,-0.200601,-0.014713,-0.200423,-0.014324
5.858787,-0.142771,-0.022970,-0.142715,-0.022725
5.875454,-0.078391,-0.025286,-0.078286,-0.025625
5.892120,-0.009724,-0.032010,-0.009568,-0.031662
5.908787,0.060235,-0.031095,0.059855,-0.031565
5.925454,0.118165,-0.037102,0.118137,-0.036653
5.942120,0.167311,-0.033630,0.167528,-0.033729
5.958787,0.209658,-0.030634,0.209405,-0.030900
5.975454,0.234868,-0.031057,0.234766,-0.030912
5.992120,0.244219,-0.027017,0.244338,-0.027164
6.008787,0.240931,-0.022674,0.240761,-0.022454
6.025454,0.219922,-0.010909,0.219676,-0.010631
6.042120,0.180912,0.009072,0.180986,0.008570
6.058787,0.131654,0.022457,0.131720,0.023033
6.075454,0.074698,0.046793,0.074454,0.046840
6.092120,0.007923,0.070548,0.007678,0.069825
6.108787,-0.064461,0.078324,-0.063976,0.078631
6.125454,-0.124994,0.087999,-0.125026,0.087944
6.142120,-0.179134,0.093655,-0.179249,0.093570
6.158787,-0.225606,0.095210,-0.225241,0.095612
6.175454,-0.254112,0.100801,-0.254065,0.100856
6.192120,-0.269493,0.102580,-0.269686,0.102354
6.208787,-0.275748,0.093402,-0.275749,0.093285
6.225454,-0.269194,0.074146,-0.268949,0.073659
6.242120,-0.245539,0.039613,-0.245368,0.039484
6.258787,-0.207337,-0.000140,-0.207361,0.000253
6.275454,-0.160596,-0.031772,-0.160551,-0.031271
6.292120,-0.107313,-0.050980,-0.107340,-0.051283
6.308787,-0.052071,-0.071381,-0.052197,-0.071697
6.325454,0.000161,-0.092318,0.000408,-0.092251
6.342120,0.052684,-0.105425,0.052663,-0.104787
6.358787,0.097130,-0.099452,0.096885,-0.099790
6.375454,0.126245,-0.091779,0.126103,-0.092011
6.392120,0.139821,-0.080676,0.139698,-0.080450
6.408787,0.137836,-0.058054,0.137705,-0.057593
6.425454,0.121116,-0.020942,0.121205,-0.020939
6.442120,0.095174,0.019322,0.095276,0.019209
6.458787,0.061862,0.056540,0.061717,0.056309
6.475454,0.018450,0.085400,0.018305,0.085053
6.492120,-0.032577,0.102295,-0.032818,0.102720
6.508787,-0.089364,0.120257,-0.088968,0.120301
6.525454,-0.136652,0.131423,-0.136630,0.131258
6.542120,-0.177782,0.130929,-0.177939,0.130482
6.558787,-0.213394,0.113797,-0.213090,0.113871
6.575454,-0.233557,0.090855,-0.233430,0.091218
6.592120,-0.240752,0.068960,-0.240767,0.068911
6.608787,-0.237928,0.041759,-0.237931,0.041523
6.625454,-0.225784,0.006770,-0.225875,0.006673
6.642120,-0.206604,-0.031879,-0.206625,-0.031797
6.658787,-0.179551,-0.068316,-0.179427,-0.068496
6.675454,-0.142693,-0.103874,-0.142471,-0.103851
6.692120,-0.095962,-0.131521,-0.095859,-0.131143
6.708787,-0.044184,-0.142192,-0.044556,-0.142193
6.725454,0.001403,-0.141370,0.001381,-0.141207
6.742120,0.044988,-0.126911,0.045187,-0.126319
6.758787,0.089148,-0.093898,0.088897,-0.094545
6.775454,0.124941,-0.067684,0.124879,-0.068006
6.792120,0.155113,-0.044804,0.155404,-0.044265
6.808787,0.185349,-0.011268,0.185254,-0.011347
6.825454,0.208101,0.020324,0.207747,0.020304
6.842120,0.218487,0.048766,0.218690,0.048642
6.858787,0.226842,0.069969,0.226883,0.070031
6.875454,0.230951,0.085523,0.230892,0.085440
6.892120,0.229426,0.091750,0.229496,0.091474
6.908787,0.224704,0.085123,0.224692,0.085130
6.925454,0.215333,0.071625,0.215360,0.071760
6.942120,0.201936,0.054977,0.201843,0.054901
6.958787,0.182522,0.033126,0.182424,0.032830
6.975454,0.157641,0.004418,0.157713,0.004568
6.992120,0.130978,-0.020755,0.131330,-0.020160
7.008787,0.107483,-0.033087,0.107335,-0.033326
7.025454,0.077721,-0.046908,0.077200,-0.047710
7.042120,0.035390,-0.070891,0.035465,-0.070427
7.058787,-0.007033,-0.080080,-0.006798,-0.079349
7.075454,-0.044306,-0.068348,-0.044175,-0.068605
7.092120,-0.076764,-0.054332,-0.076806,-0.054407
7.108787,-0.106931,-0.036966,-0.107047,-0.037087
7.125454,-0.135674,-0.018798,-0.135704,-0.018687
7.142120,-0.160585,0.003084,-0.160498,0.003171
7.158787,-0.178441,0.026892,-0.178482,0.026803
7.175454,-0.190484,0.048005,-0.190403,0.047855
7.192120,-0.193848,0.064028,-0.193776,0.064239
7.208787,-0.188424,0.079904,-0.188450,0.080241
7.225454,-0.176172,0.095517,-0.176081,0.095179
7.242120,-0.155746,0.096379,-0.155650,0.095736
7.258787,-0.128346,0.076469,-0.128391,0.076452
7.275454,-0.098179,0.048960,-0.098217,0.049352
7.292120,-0.066943,0.024288,-0.066919,0.024248
7.308787,-0.035255,-0.002438,-0.035237,-0.002737
7.325454,-0.004960,-0.033329,-0.004936,-0.033127
7.342120,0.022150,-0.057099,0.022171,-0.056686
7.358787,0.044020,-0.068461,0.043880,-0.068624
7.375454,0.055984,-0.077516,0.056012,-0.077494
7.392120,0.059676,-0.081302,0.059604,-0.081581
7.408787,0.052575,-0.084926,0.052395,-0.084818
7.425454,0.032930,-0.080538,0.032835,-0.080395
7.442120,0.003505,-0.066798,0.003531,-0.066602
7.458787,-0.031478,-0.043398,-0.031450,-0.043140
7.475454,-0.069602,-0.011567,-0.069655,-0.011762
7.492120,-0.109819,0.017428,-0.109875,0.017171
7.508787,-0.149562,0.039760,-0.149431,0.039813
7.525454,-0.182900,0.059350,-0.182927,0.059298
7.542120,-0.210276,0.073726,-0.210241,0.073577
7.558787,-0.228626,0.081074,-0.228521,0.081254
7.575454,-0.235107,0.087088,-0.235193,0.087326
7.592120,-0.231992,0.092170,-0.231777,0.091765
7.608787,-0.213513,0.084254,-0.213353,0.084125
7.625454,-0.181371,0.068344,-0.181351,0.068664
7.642120,-0.139886,0.053143,-0.139925,0.052988
7.658787,-0.092388,0.031239,-0.092538,0.030867
7.675454,-0.043201,0.000505,-0.042815,0.000669
7.692120,0.014274,-0.027222,0.014491,-0.026732
7.708787,0.072953,-0.044272,0.072511,-0.044609
7.725454,0.116676,-0.064298,0.116501,-0.064493
7.742120,0.147017,-0.083520,0.146927,-0.083404
7.758787,0.163996,-0.094387,0.164163,-0.094321
7.775454,0.171398,-0.095699,0.171507,-0.095518
7.792120,0.167110,-0.084458,0.166883,-0.084160
7.808787,0.144292,-0.059494,0.143938,-0.059397
7.825454,0.101233,-0.027172,0.101139,-0.027237
7.842120,0.045164,0.006083,0.045207,0.005666
7.858787,-0.017662,0.031460,-0.017465,0.031266
7.875454,-0.080869,0.052048,-0.080781,0.052528
7.892120,-0.143227,0.079414,-0.143741,0.079587
7.908787,-0.212105,0.106454,-0.211796,0.106335
7.925454,-0.268970,0.125074,-0.268862,0.124914
7.942120,-0.313580,0.132056,-0.313655,0.131591
7.958787,-0.346190,0.121533,-0.345880,0.121461
7.975454,-0.358240,0.102180,-0.358117,0.102562
7.992120,-0.352627,0.084213,-0.352738,0.084396
8.008787,-0.333926,0.065169,-0.333985,0.064975
8.025454,-0.301948,0.038321,-0.301715,0.038289
8.042120,-0.252388,0.006938,-0.252440,0.006475
8.058787,-0.192008,-0.034369,-0.191690,-0.034551
8.075454,-0.117238,-0.076301,-0.117136,-0.075828
8.092120,-0.036564,-0.102754,-0.036483,-0.102201
8.108787,0.044026,-0.110511,0.043602,-0.110164
8.125454,0.110622,-0.104636,0.110157,-0.105524
8.142120,0.159846,-0.109405,0.160095,-0.109384
8.158787,0.203438,-0.109411,0.203891,-0.109145
8.175454,0.243580,-0.099421,0.243580,-0.099829
8.192120,0.269311,-0.089786,0.268860,-0.089623
8.208787,0.269806,-0.069332,0.269446,-0.068352
8.225454,0.246228,-0.025137,0.246104,-0.024900
8.242120,0.205186,0.024931,0.205199,0.023608
8.258787,0.153061,0.048796,0.153386,0.048335
8.275454,0.099026,0.060625,0.099104,0.062046
8.292120,0.041194,0.094638,0.040989,0.093988
8.308787,-0.023438,0.113910,-0.023613,0.113675
8.325454,-0.091664,0.124487,-0.091581,0.125475
8.342120,-0.155075,0.145853,-0.155314,0.145324
8.358787,-0.215024,0.148513,-0.214573,0.147760
8.375454,-0.255571,0.127423,-0.255233,0.127555
8.392120,-0.277002,0.100086,-0.277104,0.100184
8.408787,-0.287665,0.069514,-0.287376,0.069437
8.425454,-0.282492,0.035828,-0.282895,0.036451
8.442120,-0.275581,0.013182,-0.275730,0.012933
8.458787,-0.263214,-0.013699,-0.262958,-0.013806
8.475454,-0.238637,-0.042345,-0.238337,-0.042409
8.492120,-0.202450,-0.070761,-0.202469,-0.071417
8.508787,-0.163260,-0.105840,-0.163318,-0.105741
8.525454,-0.125344,-0.129072,-0.125533,-0.128019
8.542120,-0.094062,-0.120415,-0.094126,-0.119796
8.558787,-0.068948,-0.089385,-0.069174,-0.089728
8.575454,-0.053094,-0.058502,-0.053221,-0.059201
8.592120,-0.043677,-0.038735,-0.043406,-0.039069
8.608787,-0.032384,-0.024590,-0.032129,-0.024424
8.625454,-0.019345,-0.005643,-0.019415,-0.005135
8.642120,-0.011254,0.025057,-0.011538,0.025337
8.658787,-0.012434,0.061498,-0.012761,0.061558
8.675454,-0.022275,0.095262,-0.022298,0.095063
8.692120,-0.032374,0.116758,-0.031857,0.116267
8.708787,-0.030462,0.117846,-0.030285,0.117455
8.725454,-0.021903,0.100992,-0.021932,0.100714
8.742120,-0.011489,0.071998,-0.011627,0.072619
8.758787,-0.002636,0.050771,-0.002811,0.051565
8.775454,0.003515,0.041372,0.003406,0.040986
8.792120,0.009046,0.021030,0.009008,0.020465
8.808787,0.016902,-0.014205,0.017258,-0.015012
8.825454,0.035010,-0.065009,0.035420,-0.064885
8.842120,0.063040,-0.107685,0.063014,-0.106579
8.858787,0.090009,-0.118879,0.089575,-0.118337
8.875454,0.105612,-0.107920,0.105243,-0.107875
8.892120,0.110305,-0.087816,0.110222,-0.088193
8.908787,0.111059,-0.071258,0.111289,-0.071954
8.925454,0.115905,-0.066052,0.116437,-0.066487
8.942120,0.130726,-0.065498,0.130999,-0.064935
8.958787,0.148503,-0.048324,0.148144,-0.047424
8.975454,0.154468,-0.008086,0.153866,-0.007678
8.992120,0.142756,0.041598,0.142469,0.041349
9.008787,0.120916,0.081354,0.121146,0.080357
9.025454,0.101822,0.092625,0.102517,0.091798
9.042120,0.095687,0.079293,0.096076,0.079393
9.058787,0.095268,0.063723,0.095034,0.064462
9.075454,0.085449,0.062574,0.084769,0.063998
9.092120,0.055672,0.087266,0.055209,0.087308
9.108787,0.011198,0.106928,0.011219,0.104900
9.125454,-0.034881,0.079767,-0.034234,0.079173
9.142120,-0.067493,0.033414,-0.066833,0.033996
9.158787,-0.086185,-0.003308,-0.086250,-0.003020
9.175454,-0.106836,-0.027730,-0.107701,-0.027059
9.192120,-0.146092,-0.030062,-0.146509,-0.028998
9.208787,-0.194603,-0.006649,-0.194510,-0.007044
9.225454,-0.238578,0.009614,-0.238235,0.008182
9.242120,-0.268609,-0.004377,-0.268129,-0.004866
9.258787,-0.280048,-0.030133,-0.279710,-0.029838
9.275454,-0.276712,-0.047435,-0.276944,-0.046693
9.292120,-0.271703,-0.043580,-0.272299,-0.042423
9.308787,-0.272974,-0.012620,-0.273375,-0.012617
9.325454,-0.275120,0.017905,-0.274952,0.016854
9.342120,-0.263994,0.022343,-0.263183,0.021205
9.358787,-0.225842,-0.001569,-0.225273,-0.001940
9.375454,-0.167342,-0.034174,-0.167260,-0.032824
9.392120,-0.103161,-0.037682,-0.104243,-0.036956
9.408787,-0.059050,-0.021189,-0.059758,-0.020892
9.425454,-0.028690,0.003024,-0.028223,0.002901
9.442120,0.011850,0.020556,0.012698,0.018758
9.458787,0.071233,-0.001149,0.071345,-0.001573
9.475454,0.133874,-0.033479,0.134217,-0.032484
9.492120,0.197981,-0.043980,0.197301,-0.043157
9.508787,0.239650,-0.031769,0.238859,-0.031510
9.525454,0.254990,-0.008903,0.254824,-0.008946
9.542120,0.257721,0.013778,0.258107,0.013140
9.558787,0.261922,0.021142,0.262655,0.020587
9.575454,0.275494,0.013818,0.275837,0.013859
9.592120,0.288981,0.005231,0.288690,0.005301
9.608787,0.286618,-0.000547,0.285733,0.000491
9.625454,0.255613,0.014280,0.255172,0.014674
9.642120,0.206346,0.034623,0.206563,0.033638
9.658787,0.156078,0.031490,0.156752,0.030645
9.675454,0.117251,0.006754,0.117955,0.006780
9.692120,0.090481,-0.019792,0.090129,-0.019382
9.708787,0.054298,-0.035602,0.053358,-0.034943
9.725454,-0.003172,-0.033201,-0.003162,-0.033076
9.742120,-0.062631,-0.023102,-0.062707,-0.022957
9.758787,-0.120397,-0.008446,-0.120182,-0.009016
9.775454,-0.166234,-0.004584,-0.165465,-0.005450
9.792120,-0.188132,-0.015931,-0.187912,-0.015453
9.808787,-0.197231,-0.015133,-0.197664,-0.014384
9.825454,-0.207963,0.004745,-0.208461,0.005169
9.842120,-0.222448,0.035790,-0.222684,0.035664
9.858787,-0.233771,0.062834,-0.233562,0.062363
9.875454,-0.230358,0.074614,-0.229662,0.074214
9.892120,-0.202033,0.070212,-0.201419,0.069994
9.908787,-0.152971,0.054077,-0.153324,0.054186
9.925454,-0.106022,0.035024,-0.106538,0.035283
9.942120,-0.069023,0.018085,-0.069358,0.018616
9.958787,-0.040537,0.008138,-0.040523,0.007983
9.975454,-0.013762,-0.008343,-0.013168,-0.009349
9.992120,0.021718,-0.046223,0.021970,-0.046237
10.008787,0.057402,-0.084027,0.057315,-0.083859
10.025454,0.082822,-0.112696,0.082542,-0.112267
10.042120,0.090256,-0.123151,0.089900,-0.122484
10.058787,0.076662,-0.110615,0.076033,-0.110552
10.075454,0.039363,-0.088482,0.039368,-0.089275
10.092120,-0.005379,-0.075020,-0.004601,-0.074955
10.108787,-0.039009,-0.056103,-0.038892,-0.056055
10.125454,-0.070980,-0.031533,-0.071110,-0.031478
10.142120,-0.105168,-0.000914,-0.105564,-0.000377
10.158787,-0.145011,0.042382,-0.145336,0.042749
10.175454,-0.185544,0.090630,-0.185347,0.090204
10.192120,-0.212253,0.123719,-0.211900,0.123296
10.208787,-0.217941,0.137068,-0.217569,0.136901
10.225454,-0.200714,0.133598,-0.200370,0.133412
10.242120,-0.162658,0.114449,-0.162961,0.114008
10.258787,-0.118239,0.079001,-0.118708,0.079327
10.275454,-0.072961,0.044690,-0.072274,0.046245
10.292120,-0.008278,0.034145,-0.008408,0.033166
10.308787,0.058624,0.000349,0.058574,-0.000600
10.325454,0.125391,-0.055944,0.125782,-0.056366
10.342120,0.195037,-0.119648,0.194874,-0.119385
10.358787,0.252499,-0.169393,0.252106,-0.168458
10.375454,0.289337,-0.186482,0.289167,-0.185454
10.392120,0.307310,-0.168185,0.307125,-0.169062
10.408787,0.306237,-0.151606,0.306312,-0.151593
10.425454,0.291973,-0.124562,0.292158,-0.124571
10.442120,0.267516,-0.089495,0.267597,-0.089795
10.458787,0.231519,-0.052273,0.231109,-0.051955
10.475454,0.176309,-0.002606,0.175995,-0.002302
10.492120,0.106625,0.056639,0.106624,0.057372
10.508787,0.033202,0.126809,0.033252,0.126797
10.525454,-0.036973,0.185928,-0.036750,0.184520
10.542120,-0.095542,0.202698,-0.095225,0.202000
10.558787,-0.137591,0.189146,-0.137355,0.189741
10.575454,-0.163744,0.172122,-0.163796,0.172485
10.592120,-0.179857,0.151160,-0.180132,0.151420
10.608787,-0.190536,0.125323,-0.190654,0.125143
10.625454,-0.192440,0.085944,-0.192349,0.085617
10.642120,-0.181003,0.031029,-0.180341,0.030042
10.658787,-0.146614,-0.046756,-0.146739,-0.046429
10.675454,-0.106251,-0.116013,-0.106089,-0.115749
10.692120,-0.059459,-0.169370,-0.059596,-0.168783
10.708787,-0.016276,-0.195609,-0.016805,-0.195067
10.725454,0.013442,-0.194606,0.013254,-0.194730
10.742120,0.035309,-0.180472,0.035559,-0.180816
10.758787,0.057811,-0.160202,0.058248,-0.160051
10.775454,0.083863,-0.127289,0.083899,-0.127387
10.792120,0.104199,-0.087595,0.103716,-0.087712
10.808787,0.107635,-0.043013,0.107184,-0.042287
10.825454,0.095201,0.018318,0.095273,0.018530
10.842120,0.079240,0.081540,0.079422,0.081226
10.858787,0.065426,0.130443,0.065676,0.129791
10.875454,0.057478,0.154167,0.057590,0.153791
10.892120,0.053631,0.156762,0.053645,0.156841
10.908787,0.051661,0.148502,0.051529,0.148741
10.925454,0.048408,0.134926,0.048247,0.135127
10.942120,0.043534,0.116815,0.043584,0.116794
10.958787,0.041527,0.090552,0.041763,0.090256
10.975454,0.046189,0.051966,0.046179,0.051678
10.992120,0.052720,0.003692,0.052802,0.003637
11.008787,0.061455,-0.045716,0.061472,-0.045562
11.025454,0.069422,-0.087198,0.069359,-0.087297
11.042120,0.073683,-0.120482,0.073293,-0.119781
11.058787,0.067928,-0.128687,0.068039,-0.128417
11.075454,0.061839,-0.119855,0.061917,-0.120074
11.092120,0.055891,-0.105028,0.056068,-0.105264
11.108787,0.052057,-0.086455,0.052248,-0.086811
11.125454,0.049650,-0.066719,0.049305,-0.066062
11.142120,0.038068,-0.028552,0.037847,-0.027819
11.158787,0.019628,0.025914,0.019651,0.025417
11.175454,0.000277,0.068879,0.000292,0.068485
11.192120,-0.018120,0.096718,-0.017729,0.096547
11.208787,-0.027929,0.110859,-0.027795,0.110486
11.225454,-0.034336,0.108335,-0.034669,0.108368
11.242120,-0.046776,0.098803,-0.046929,0.099156
11.258787,-0.062366,0.090650,-0.062277,0.090474
11.275454,-0.076045,0.076308,-0.076020,0.076598
11.292120,-0.087910,0.064711,-0.087836,0.064822
11.308787,-0.096602,0.052601,-0.096437,0.052060
11.325454,-0.100944,0.028684,-0.100897,0.028722
11.342120,-0.104235,0.004922,-0.104450,0.004904
11.358787,-0.112335,-0.016871,-0.112470,-0.016763
11.375454,-0.124152,-0.031841,-0.124120,-0.031435
11.392120,-0.136020,-0.033951,-0.136093,-0.033567
11.408787,-0.148686,-0.024846,-0.148483,-0.025673
11.425454,-0.156342,-0.027905,-0.156320,-0.027738
11.442120,-0.161916,-0.026148,-0.161974,-0.026075
11.458787,-0.166822,-0.021164,-0.166943,-0.020934
11.475454,-0.172003,-0.010451,-0.171894,-0.010595
11.492120,-0.172736,-0.001805,-0.172893,-0.001806
11.508787,-0.172860,0.006056,-0.172740,0.006058
11.525454,-0.166700,0.011761,-0.166457,0.012056
11.542120,-0.152059,0.019168,-0.152118,0.018440
11.558787,-0.134997,0.009632,-0.135207,0.009579
11.575454,-0.118916,-0.003700,-0.118895,-0.003207
11.592120,-0.100100,-0.008941,-0.099760,-0.009433
11.608787,-0.073355,-0.021645,-0.073644,-0.021111
11.625454,-0.050799,-0.022234,-0.050689,-0.022434
11.642120,-0.026328,-0.023111,-0.026411,-0.023090
11.658787,-0.004232,-0.020152,-0.004111,-0.019940
11.675454,0.018271,-0.010454,0.018226,-0.010404
11.692120,0.037253,0.002127,0.037163,0.001816
11.708787,0.051009,0.010217,0.051100,0.010243
11.725454,0.062102,0.019361,0.061947,0.019624
11.742120,0.065923,0.033264,0.065856,0.033316
11.758787,0.064189,0.047088,0.064411,0.046772
11.775454,0.062208,0.052936,0.062173,0.053126
11.792120,0.055161,0.058778,0.055154,0.058728
11.808787,0.043012,0.059254,0.042940,0.059533
11.825454,0.024368,0.059146,0.024156,0.058365
11.842120,-0.002361,0.039454,-0.002611,0.039511
11.858787,-0.035768,0.016837,-0.035271,0.017039
11.875454,-0.060438,-0.003535,-0.060236,-0.003336
11.892120,-0.080971,-0.019473,-0.081032,-0.019773
11.908787,-0.102632,-0.038326,-0.103076,-0.038139
11.925454,-0.132400,-0.050047,-0.132437,-0.050033
11.942120,-0.161726,-0.056604,-0.161456,-0.056458
11.958787,-0.183112,-0.055437,-0.183180,-0.055194
11.975454,-0.200994,-0.045377,-0.200839,-0.046027
11.992120,-0.210825,-0.042553,-0.210657,-0.042448
12.008787,-0.212645,-0.033111,-0.212919,-0.032396
12.025454,-0.214643,-0.006261,-0.214834,-0.006605
12.042120,-0.214725,0.017498,-0.214736,0.017697
12.058787,-0.207968,0.044683,-0.207756,0.044906
12.075454,-0.188646,0.072004,-0.188420,0.071433
12.092120,-0.156164,0.082772,-0.155937,0.082131
12.108787,-0.112204,0.075665,-0.112177,0.076230
12.125454,-0.063426,0.073468,-0.063774,0.074270
12.142120,-0.019632,0.080031,-0.019594,0.079735
12.158787,0.023994,0.073247,0.023802,0.072363
12.175454,0.062354,0.041132,0.062606,0.040844
12.192120,0.102350,-0.003353,0.102615,-0.003162
12.208787,0.142115,-0.045980,0.142025,-0.046088
12.225454,0.172339,-0.085904,0.172025,-0.085155
12.242120,0.186402,-0.103754,0.186242,-0.103514
12.258787,0.186181,-0.107560,0.186006,-0.107822
12.275454,0.172490,-0.107532,0.172533,-0.107335
12.292120,0.151225,-0.097304,0.151575,-0.097722
12.308787,0.129528,-0.088585,0.129387,-0.088759
12.325454,0.099646,-0.076452,0.099466,-0.076060
12.342120,0.061912,-0.049872,0.061890,-0.049711
12.358787,0.021321,-0.013910,0.020936,-0.012998
12.375454,-0.024902,0.040302,-0.024678,0.039894
12.392120,-0.061521,0.082571,-0.061148,0.081660
12.408787,-0.082434,0.098961,-0.082271,0.098592
12.425454,-0.089974,0.098368,-0.089984,0.098716
12.442120,-0.087488,0.095794,-0.087615,0.096090
12.458787,-0.077848,0.092362,-0.077758,0.092378
12.475454,-0.058122,0.083270,-0.057898,0.083404
12.492120,-0.027330,0.069252,-0.027435,0.069261
12.508787,0.006637,0.046848,0.006605,0.045836
12.525454,0.042558,-0.000865,0.042805,-0.001039
12.542120,0.082422,-0.053988,0.082412,-0.053619
12.558787,0.118145,-0.095880,0.117977,-0.095502
12.575454,0.143534,-0.120853,0.143259,-0.120338
12.592120,0.154542,-0.124507,0.154453,-0.124540
12.608787,0.153898,-0.117644,0.154069,-0.117842
12.625454,0.146446,-0.105577,0.146412,-0.105368
12.642120,0.128811,-0.083246,0.128735,-0.083669
12.658787,0.100465,-0.062963,0.100491,-0.063173
12.675454,0.064070,-0.041128,0.063576,-0.040217
12.692120,0.012735,0.001378,0.012677,0.001283
12.708787,-0.041527,0.043433,-0.041409,0.043648
12.725454,-0.090426,0.085356,-0.090145,0.084872
12.742120,-0.126704,0.110004,-0.126426,0.109356
12.758787,-0.148243,0.112622,-0.148118,0.112822
12.775454,-0.157676,0.109132,-0.157858,0.109446
12.792120,-0.161062,0.102889,-0.161366,0.103023
12.808787,-0.160321,0.090806,-0.160311,0.090593
12.825454,-0.148418,0.066254,-0.148118,0.065846
12.842120,-0.118882,0.026381,-0.118585,0.026539
12.858787,-0.072366,-0.016110,-0.072111,-0.016580
12.875454,-0.012659,-0.067532,-0.012824,-0.067781
12.892120,0.048415,-0.117836,0.048116,-0.116686
12.908787,0.104501,-0.137594,0.104546,-0.137071
12.925454,0.159309,-0.136952,0.158945,-0.137987
12.942120,0.204513,-0.144982,0.204922,-0.144636
12.958787,0.253206,-0.137834,0.253258,-0.138083
12.975454,0.297378,-0.125564,0.297624,-0.125177
12.992120,0.337481,-0.096668,0.337247,-0.096317
13.008787,0.361690,-0.053843,0.361138,-0.053673
13.025454,0.362951,-0.004955,0.362712,-0.004939
13.042120,0.348161,0.041330,0.348516,0.040606
13.058787,0.330741,0.067272,0.330880,0.067005
13.075454,0.308881,0.079837,0.309169,0.079638
13.092120,0.285485,0.082035,0.285278,0.082516
13.108787,0.251061,0.087958,0.250738,0.088673
13.125454,0.203822,0.101270,0.203587,0.100840
13.142120,0.147983,0.098730,0.147735,0.098462
13.158787,0.087576,0.081036,0.088570,0.080304
13.175454,0.048219,0.041440,0.048189,0.041151
13.192120,0.012495,-0.006282,0.012451,-0.006010
13.208787,-0.021158,-0.044626,-0.021229,-0.043671
13.225454,-0.054355,-0.056823,-0.055077,-0.055974
13.242120,-0.097614,-0.045537,-0.097459,-0.046457
13.258787,-0.132208,-0.046037,-0.131759,-0.046579
13.275454,-0.149668,-0.053981,-0.149553,-0.053705
13.292120,-0.154639,-0.053963,-0.154374,-0.054282
13.308787,-0.145688,-0.054124,-0.145667,-0.053536
13.325454,-0.129923,-0.037096,-0.130200,-0.036470
13.342120,-0.115287,-0.004229,-0.115558,-0.004265
13.358787,-0.102551,0.027442,-0.102888,0.027164
13.375454,-0.091666,0.047976,-0.091125,0.046976
13.392120,-0.065503,0.042226,-0.064965,0.042092
13.408787,-0.025008,0.027432,-0.024905,0.028195
13.425454,0.017968,0.023158,0.017783,0.022789
13.442120,0.053193,0.011742,0.052324,0.012381
13.458787,0.065566,0.011407,0.065608,0.011329
13.475454,0.071561,0.008113,0.071883,0.007746
13.492120,0.077587,-0.004240,0.077935,-0.004644
13.508787,0.084181,-0.025084,0.084136,-0.025228
13.525454,0.082641,-0.045933,0.082339,-0.045616
13.542120,0.066658,-0.053885,0.066409,-0.053596
13.558787,0.037400,-0.046648,0.037018,-0.045906
13.575454,-0.004517,-0.017274,-0.004486,-0.017152
13.592120,-0.046967,0.018656,-0.046411,0.017899
13.608787,-0.076532,0.040582,-0.076194,0.040239
13.625454,-0.095488,0.053436,-0.095696,0.053647
13.642120,-0.113791,0.067022,-0.114173,0.067270
13.658787,-0.134343,0.082022,-0.134433,0.082155
13.675454,-0.150046,0.094990,-0.149866,0.094922
13.692120,-0.153334,0.099753,-0.153117,0.099750
13.708787,-0.141703,0.094871,-0.141399,0.094531
13.725454,-0.113967,0.073482,-0.113782,0.072705
13.742120,-0.074697,0.029912,-0.075014,0.030397
13.758787,-0.036172,-0.008777,-0.036167,-0.008754
13.775454,0.004432,-0.045972,0.004378,-0.045665
13.792120,0.043831,-0.073354,0.043955,-0.073229
13.808787,0.083137,-0.092927,0.083135,-0.092920
13.825454,0.117530,-0.106283,0.117717,-0.106884
13.842120,0.147369,-0.123110,0.147036,-0.122809
13.858787,0.160640,-0.125048,0.160469,-0.124916
13.875454,0.158814,-0.112975,0.158655,-0.112664
13.892120,0.142557,-0.083528,0.142475,-0.083116
13.908787,0.115140,-0.037454,0.115295,-0.037655
13.925454,0.083018,0.009898,0.083153,0.009817
13.942120,0.047668,0.055595,0.047520,0.055790
13.958787,0.005573,0.100101,0.005456,0.099376
13.975454,-0.040529,0.124002,-0.040862,0.124232
13.992120,-0.090852,0.142654,-0.090699,0.142886
14.008787,-0.132437,0.155258,-0.131828,0.154736
14.025454,-0.154023,0.147874,-0.154059,0.148199
14.042120,-0.166004,0.135242,-0.166208,0.135289
14.058787,-0.171624,0.112752,-0.171400,0.111913
14.075454,-0.163706,0.066039,-0.163865,0.066677
14.092120,-0.149575,0.024175,-0.149339,0.023791
14.108787,-0.122937,-0.027551,-0.123157,-0.027406
14.125454,-0.093152,-0.075809,-0.092732,-0.076065
14.142120,-0.050796,-0.123629,-0.050841,-0.123292
14.158787,-0.007012,-0.156369,-0.007226,-0.156307
14.175454,0.032271,-0.175964,0.032184,-0.175718
14.192120,0.067288,-0.177945,0.067109,-0.177732
14.208787,0.095562,-0.163542,0.095819,-0.163701
14.225454,0.124397,-0.141366,0.124440,-0.141097
14.242120,0.149260,-0.106058,0.149020,-0.106747
14.258787,0.164170,-0.076364,0.164370,-0.075866
14.275454,0.176122,-0.032751,0.175987,-0.032167
14.292120,0.178909,0.023089,0.178529,0.022859
14.308787,0.169076,0.071771,0.169164,0.071252
14.325454,0.157034,0.103371,0.157209,0.103423
14.342120,0.146453,0.125322,0.146771,0.125111
14.358787,0.140698,0.132285,0.140613,0.132197
14.375454,0.132165,0.127119,0.131923,0.127195
14.392120,0.117594,0.114141,0.117553,0.114056
14.408787,0.100920,0.092079,0.101020,0.092268
14.425454,0.085385,0.067012,0.085617,0.067082
14.442120,0.073487,0.037722,0.073450,0.037304
14.458787,0.059720,-0.002767,0.059578,-0.003159
14.475454,0.041253,-0.050192,0.041302,-0.050029
14.492120,0.020738,-0.089338,0.020777,-0.088809
14.508787,-0.002401,-0.109370,-0.002617,-0.108924
14.525454,-0.032474,-0.110768,-0.032641,-0.110652
14.542120,-0.067623,-0.101108,-0.067291,-0.101976
14.558787,-0.097448,-0.099818,-0.097706,-0.099430
14.575454,-0.131001,-0.084996,-0.130808,-0.085015
14.592120,-0.159071,-0.063917,-0.159084,-0.063519
14.608787,-0.184426,-0.030297,-0.184464,-0.030354
14.625454,-0.206590,0.004869,-0.206739,0.004953
14.642120,-0.226208,0.040121,-0.226223,0.040118
14.658787,-0.239207,0.070104,-0.238858,0.069402
14.675454,-0.237670,0.080053,-0.237873,0.080279
14.692120,-0.230662,0.086279,-0.230540,0.086125
14.708787,-0.212342,0.083230,-0.212137,0.083249
14.725454,-0.181988,0.075399,-0.181981,0.075836
14.742120,-0.144681,0.070666,-0.144800,0.070574
14.758787,-0.104579,0.059240,-0.104594,0.058758
14.775454,-0.061568,0.034267,-0.061476,0.034261
14.792120,-0.015631,0.006018,-0.015356,0.005948
14.808787,0.033819,-0.023465,0.033672,-0.023253
14.825454,0.076044,-0.045944,0.075746,-0.045804
14.842120,0.105821,-0.060630,0.105659,-0.060455
14.858787,0.124498,-0.066093,0.124691,-0.066324
14.875454,0.138604,-0.069736,0.138381,-0.069351
14.892120,0.141221,-0.061036,0.141526,-0.061575
14.908787,0.142080,-0.056748,0.141911,-0.056415
14.925454,0.132946,-0.041397,0.132792,-0.041361
14.942120,0.114937,-0.020910,0.114756,-0.020587
14.958787,0.089380,0.008055,0.089616,0.007826
14.975454,0.066071,0.032790,0.066128,0.032884
14.992120,0.043792,0.055903,0.043816,0.055882
15.008787,0.023249,0.072700,0.023197,0.072177
15.025454,0.004099,0.073184,0.004052,0.073074
15.042120,-0.012517,0.065468,-0.012368,0.065854
15.058787,-0.022243,0.059990,-0.022148,0.059938
15.075454,-0.025724,0.050194,-0.025816,0.050081
15.092120,-0.026550,0.035970,-0.026439,0.035807
15.108787,-0.021600,0.017605,-0.021743,0.018031
15.125454,-0.016011,0.006781,-0.015748,0.006564
15.142120,-0.003638,-0.006960,-0.003559,-0.007200
15.158787,0.010449,-0.022836,0.010238,-0.022564
15.175454,0.019060,-0.030469,0.019009,-0.030213
15.192120,0.023472,-0.029530,0.023453,-0.029708
15.208787,0.023442,-0.027878,0.023423,-0.028115
15.225454,0.018589,-0.026558,0.018637,-0.026338
15.242120,0.009875,-0.017530,0.009745,-0.016937
15.258787,-0.005895,0.004690,-0.005846,0.004166
15.275454,-0.025076,0.017961,-0.025316,0.017901
15.292120,-0.051735,0.028424,-0.051580,0.028595
15.308787,-0.077414,0.038586,-0.077287,0.038650
15.325454,-0.101430,0.045381,-0.101519,0.044798
15.342120,-0.126774,0.036935,-0.126867,0.037089
15.358787,-0.152620,0.027376,-0.152569,0.027401
15.375454,-0.175174,0.016218,-0.175172,0.016294
15.392120,-0.194058,0.005917,-0.193959,0.006037
15.408787,-0.206629,-0.001983,-0.206595,-0.002013
15.425454,-0.213626,-0.009929,-0.213659,-0.009992
15.442120,-0.216121,-0.018316,-0.216118,-0.018386
15.458787,-0.213384,-0.026598,-0.213425,-0.026710
15.475454,-0.205880,-0.034308,-0.205950,-0.034081
15.492120,-0.193541,-0.034020,-0.193434,-0.034153
15.508787,-0.172620,-0.031321,-0.172548,-0.030864
15.525454,-0.143584,-0.016117,-0.143513,-0.016116
15.542120,-0.106810,0.001922,-0.106954,0.001497
15.558787,-0.066863,0.013200,-0.066670,0.013717
15.575454,-0.018981,0.032356,-0.018733,0.032193
15.592120,0.036015,0.045280,0.035510,0.044796
15.608787,0.082823,0.044951,0.082998,0.045223
15.625454,0.131909,0.044260,0.132178,0.044494
15.642120,0.183232,0.042194,0.183060,0.041797
15.658787,0.226736,0.027539,0.226704,0.027145
15.675454,0.262546,0.001887,0.262542,0.001986
15.692120,0.289142,-0.022933,0.289127,-0.022411
15.708787,0.304770,-0.036893,0.304635,-0.036641
15.725454,0.306137,-0.043956,0.306183,-0.044797
15.742120,0.295824,-0.063238,0.295733,-0.062907
15.758787,0.271234,-0.072464,0.271205,-0.072494
15.775454,0.233948,-0.075725,0.233756,-0.075798
15.792120,0.182163,-0.071794,0.182336,-0.071180
15.808787,0.124027,-0.048245,0.123920,-0.048082
15.825454,0.056830,-0.015167,0.056386,-0.015408
15.842120,-0.022046,0.016491,-0.021822,0.016658
15.858787,-0.096313,0.050302,-0.096156,0.049624
15.875454,-0.162599,0.069016,-0.162728,0.069230
15.892120,-0.222101,0.087438,-0.221830,0.088050
15.908787,-0.265038,0.111643,-0.264701,0.110798
15.925454,-0.288892,0.114282,-0.289303,0.114779
15.942120,-0.306570,0.117801,-0.306389,0.117787
15.958787,-0.307334,0.111648,-0.307275,0.111492
15.975454,-0.293566,0.092617,-0.293206,0.091826
15.992120,-0.261000,0.050445,-0.261378,0.050975
16.008787,-0.224959,0.012448,-0.224545,0.011639
16.025454,-0.174121,-0.040060,-0.174262,-0.038932
16.042120,-0.121746,-0.068112,-0.121633,-0.068082
16.058787,-0.066957,-0.089264,-0.067234,-0.089414
16.075454,-0.020033,-0.106058,-0.020033,-0.106672
16.092120,0.021501,-0.125896,0.021494,-0.125074
16.108787,0.055680,-0.122039,0.055718,-0.121919
16.125454,0.081784,-0.107004,0.081677,-0.107390
16.142120,0.096014,-0.090659,0.095875,-0.090836
16.158787,0.097442,-0.069854,0.097255,-0.069364
16.175454,0.086238,-0.033634,0.086126,-0.033037
16.192120,0.066070,0.016802,0.066252,0.016408
16.208787,0.045073,0.058732,0.045069,0.058409
16.225454,0.022637,0.088588,0.022656,0.088598
16.242120,0.001437,0.109550,0.001466,0.109076
16.258787,-0.016381,0.112562,-0.016399,0.112784
16.275454,-0.029864,0.110762,-0.029802,0.111029
16.292120,-0.035989,0.105468,-0.035995,0.105416
16.308787,-0.034707,0.090920,-0.034564,0.090534
16.325454,-0.022676,0.061509,-0.022600,0.061403
16.342120,-0.001371,0.024266,-0.001205,0.024137
16.358787,0.029490,-0.017635,0.029435,-0.017349
16.375454,0.063853,-0.052913,0.063825,-0.052824
16.392120,0.099877,-0.082028,0.099846,-0.082048
16.408787,0.135408,-0.104788,0.135355,-0.104801
16.425454,0.168232,-0.119409,0.168337,-0.119350
16.442120,0.199406,-0.123458,0.199378,-0.123099
16.458787,0.224719,-0.111711,0.224663,-0.111570
16.475454,0.241942,-0.089768,0.241850,-0.090041
16.492120,0.249227,-0.067226,0.249139,-0.067534
16.508787,0.246219,-0.046282,0.246194,-0.045813
16.525454,0.234138,-0.014299,0.234324,-0.014208
16.542120,0.216910,0.019833,0.216737,0.019908
16.558787,0.188534,0.052405,0.188260,0.052191
16.575454,0.148556,0.074915,0.148496,0.074411
16.592120,0.103225,0.080668,0.103596,0.080712
16.608787,0.062680,0.079735,0.062806,0.080158
16.625454,0.024019,0.079904,0.023720,0.079447
16.642120,-0.019496,0.066737,-0.019454,0.066591
16.658787,-0.060862,0.047162,-0.060663,0.047917
16.675454,-0.096152,0.038099,-0.096386,0.037936
16.692120,-0.131802,0.023554,-0.131863,0.022562
16.708787,-0.163150,-0.010114,-0.162979,-0.009507
16.725454,-0.184527,-0.031753,-0.184310,-0.031552
16.742120,-0.194409,-0.045854,-0.194398,-0.045893
16.758787,-0.196893,-0.055298,-0.196979,-0.055228
16.775454,-0.194524,-0.058137,-0.194714,-0.057958
16.792120,-0.189363,-0.053222,-0.189383,-0.053262
16.808787,-0.177506,-0.045986,-0.177608,-0.045961
16.825454,-0.159174,-0.036723,-0.158596,-0.037277
16.842120,-0.122027,-0.036466,-0.121952,-0.035866
16.858787,-0.076410,-0.024633,-0.076843,-0.024975
16.875454,-0.033812,-0.017917,-0.033338,-0.017803
16.892120,0.019324,-0.008820,0.019048,-0.008211
16.908787,0.067447,0.009916,0.067108,0.009103
16.925454,0.108073,0.011286,0.108341,0.011357
16.942120,0.151131,0.010228,0.151461,0.010434
16.958787,0.196342,0.009508,0.196130,0.009121
16.975454,0.231924,-0.000114,0.231653,-0.000200
16.992120,0.255071,-0.011408,0.255035,-0.010896
17.008787,0.269332,-0.011914,0.269584,-0.012062
17.025454,0.279748,-0.012779,0.279580,-0.012488
17.042120,0.278659,-0.006804,0.278625,-0.007087
17.058787,0.268412,-0.005033,0.268360,-0.005264
17.075454,0.249029,-0.006618,0.249102,-0.006339
17.092120,0.223500,-0.002152,0.223337,-0.001948
17.108787,0.188798,0.007303,0.188741,0.006645
17.125454,0.148784,0.006299,0.148584,0.007183
17.142120,0.103540,0.021277,0.104016,0.021434
17.158787,0.067463,0.036713,0.067501,0.036119
17.175454,0.034174,0.036628,0.033831,0.035962
17.192120,-0.001953,0.019504,-0.001973,0.019834
17.208787,-0.033897,0.005814,-0.033279,0.005849
17.225454,-0.049475,-0.006477,-0.049722,-0.005873
17.242120,-0.064459,-0.005796,-0.064504,-0.005997
17.258787,-0.076216,-0.007047,-0.076229,-0.007158
17.275454,-0.084883,-0.009691,-0.084908,-0.009810
17.292120,-0.090865,-0.014387,-0.090870,-0.014262
17.308787,-0.094126,-0.016234,-0.093829,-0.016714
17.325454,-0.089997,-0.024774,-0.090298,-0.024162
17.342120,-0.090151,-0.019318,-0.090097,-0.019434
17.358787,-0.089172,-0.012317,-0.089103,-0.012378
17.375454,-0.087473,-0.003157,-0.087573,-0.002852
17.392120,-0.088526,0.013483,-0.088580,0.013410
17.408787,-0.091742,0.029348,-0.091715,0.029023
17.425454,-0.095607,0.038832,-0.095563,0.038834
17.442120,-0.099590,0.047236,-0.099722,0.047715
17.458787,-0.106567,0.062559,-0.106425,0.062188
17.475454,-0.111288,0.068654,-0.111439,0.068693
17.492120,-0.118371,0.071467,-0.118410,0.071801
17.508787,-0.125202,0.074837,-0.124799,0.074374
17.525454,-0.123732,0.063542,-0.123961,0.063423
17.542120,-0.125468,0.044114,-0.125652,0.043783
17.558787,-0.129638,0.015038,-0.129571,0.015444
17.575454,-0.131231,-0.007696,-0.131094,-0.007370
17.592120,-0.128421,-0.023597,-0.128346,-0.024049
17.608787,-0.122224,-0.045426,-0.122444,-0.045335
17.625454,-0.118054,-0.062188,-0.117921,-0.062281
17.642120,-0.109737,-0.075401,-0.109682,-0.075024
17.658787,-0.098928,-0.075366,-0.098893,-0.075408
17.675454,-0.086354,-0.069222,-0.086674,-0.069332
17.692120,-0.078584,-0.058216,-0.078263,-0.058333
17.708787,-0.064064,-0.042757,-0.064266,-0.042042
17.725454,-0.051838,-0.009044,-0.051814,-0.009484
17.742120,-0.037578,0.020136,-0.037453,0.020309
17.758787,-0.019488,0.052650,-0.019384,0.052843
17.775454,0.001576,0.085341,0.001446,0.085118
17.792120,0.020735,0.107388,0.020574,0.107148
17.808787,0.037076,0.116296,0.037247,0.115868
17.825454,0.056531,0.108598,0.056529,0.108968
17.842120,0.075776,0.099964,0.075976,0.099853
17.858787,0.097284,0.083570,0.097338,0.083595
17.875454,0.116643,0.063100,0.116276,0.063354
17.892120,0.124596,0.043506,0.124802,0.043053
17.908787,0.130138,0.013297,0.130040,0.013379
17.925454,0.126920,-0.016143,0.127088,-0.016135
17.942120,0.118519,-0.044056,0.118485,-0.043622
17.958787,0.100059,-0.061106,0.099685,-0.061756
17.975454,0.065034,-0.084698,0.064988,-0.084827
17.992120,0.020037,-0.102910,0.020265,-0.102058
18.008787,-0.028297,-0.096418,-0.028688,-0.096130
18.025454,-0.088679,-0.075433,-0.088528,-0.076358
18.042120,-0.148738,-0.063287,-0.148664,-0.062475
18.058787,-0.206888,-0.031429,-0.207052,-0.031171
18.075454,-0.264441,0.007243,-0.264277,0.006409
18.092120,-0.312495,0.030248,-0.312793,0.030261
18.108787,-0.355931,0.051021,-0.355658,0.051204
18.125454,-0.381405,0.072235,-0.381143,0.072376
18.142120,-0.386892,0.092288,-0.387020,0.092529
18.158787,-0.378226,0.110868,-0.378179,0.110427
18.175454,-0.352038,0.113416,-0.351791,0.113455
18.192120,-0.305429,0.107326,-0.305286,0.106829
18.208787,-0.242219,0.083404,-0.242230,0.084035
18.225454,-0.168159,0.063136,-0.168324,0.062565
18.242120,-0.089278,0.027106,-0.089141,0.027003
18.258787,-0.003646,-0.013431,-0.003344,-0.013159
18.275454,0.087486,-0.048601,0.087337,-0.048320
18.292120,0.171072,-0.075532,0.170977,-0.075957
18.308787,0.243370,-0.104855,0.242926,-0.104605
18.325454,0.294876,-0.122397,0.295128,-0.122742
18.342120,0.336287,-0.136958,0.336045,-0.135731
18.358787,0.358136,-0.120287,0.358138,-0.121022
18.375454,0.364767,-0.108572,0.364735,-0.108950
18.392120,0.356142,-0.096726,0.356072,-0.095930
18.408787,0.332702,-0.064670,0.332703,-0.065088
18.425454,0.297514,-0.035311,0.297147,-0.034935
18.442120,0.247027,0.002893,0.247050,0.002956
18.458787,0.192214,0.041145,0.192564,0.040550
18.475454,0.143005,0.065102,0.142889,0.065281
18.492120,0.094631,0.086683,0.094532,0.087117
18.508787,0.050232,0.109087,0.050644,0.108266
18.525454,0.020888,0.109162,0.020967,0.109343
18.542120,0.001487,0.104541,0.001276,0.105145
18.558787,-0.012965,0.102560,-0.013030,0.102039
18.575454,-0.019601,0.082981,-0.019383,0.082480
18.592120,-0.013075,0.047198,-0.012961,0.047437
18.608787,0.003896,0.011600,0.004327,0.011432
18.625454,0.034373,-0.026886,0.034000,-0.026395
18.642120,0.060350,-0.052829,0.060320,-0.053196
18.658787,0.084573,-0.079114,0.084445,-0.078446
18.675454,0.102982,-0.086437,0.102965,-0.086515
18.692120,0.116162,-0.088529,0.116203,-0.088971
18.708787,0.124067,-0.092162,0.124097,-0.092255
18.725454,0.125330,-0.090238,0.125360,-0.089991
18.742120,0.118741,-0.075768,0.118503,-0.074874
18.758787,0.098880,-0.038602,0.098700,-0.038923
18.775454,0.067446,-0.004244,0.067414,-0.004785
18.792120,0.029241,0.019177,0.029110,0.019527
18.808787,-0.014711,0.045192,-0.014149,0.044351
18.825454,-0.049583,0.052117,-0.050037,0.053011
18.842120,-0.091453,0.070818,-0.091464,0.070672
18.858787,-0.130247,0.081974,-0.130075,0.081739
18.875454,-0.160468,0.082675,-0.160290,0.082811
18.892120,-0.180246,0.078508,-0.180401,0.078211
18.908787,-0.194362,0.061849,-0.194438,0.061821
18.925454,-0.200468,0.038849,-0.200129,0.038621
18.942120,-0.190621,0.008575,-0.190628,0.008692
18.958787,-0.171344,-0.019550,-0.171307,-0.019293
18.975454,-0.142914,-0.040599,-0.143124,-0.040229
18.992120,-0.110912,-0.051799,-0.110674,-0.052182
19.008787,-0.068530,-0.066541,-0.068495,-0.066940
19.025454,-0.021000,-0.084395,-0.020987,-0.083843
19.042120,0.029008,-0.087227,0.029048,-0.087058
19.058787,0.079483,-0.081308,0.079225,-0.081702
19.075454,0.123033,-0.076820,0.123094,-0.076784
19.092120,0.163803,-0.066649,0.163927,-0.065885
19.108787,0.201678,-0.039279,0.201463,-0.039696
19.125454,0.229734,-0.018182,0.229612,-0.018593
19.142120,0.249318,-0.005509,0.249461,-0.005122
19.158787,0.265293,0.011687,0.265367,0.011524
19.175454,0.276460,0.023130,0.276376,0.022887
19.192120,0.279740,0.027412,0.279743,0.027551
19.208787,0.276280,0.031612,0.276370,0.031936
19.225454,0.267384,0.038969,0.267119,0.038715
19.242120,0.246992,0.038548,0.246948,0.038488
19.258787,0.219994,0.033413,0.220169,0.033249
19.275454,0.191704,0.022119,0.191550,0.022352
19.292120,0.157626,0.013020,0.157832,0.012531
19.308787,0.125167,-0.005093,0.125139,-0.004493
19.325454,0.090796,-0.011501,0.090694,-0.011442
19.342120,0.053880,-0.015358,0.053803,-0.015809
19.358787,0.016144,-0.025802,0.016016,-0.025399
19.375454,-0.021368,-0.027638,-0.021109,-0.027865
19.392120,-0.049809,-0.031857,-0.049731,-0.031803
19.408787,-0.071347,-0.033174,-0.071189,-0.033187
19.425454,-0.084687,-0.032568,-0.084804,-0.032436
19.442120,-0.095272,-0.027571,-0.095583,-0.027479
19.458787,-0.106568,-0.019507,-0.106335,-0.019778
19.475454,-0.108317,-0.015724,-0.108232,-0.015401
19.492120,-0.102906,-0.006459,-0.102708,-0.006761
19.508787,-0.088930,-0.003399,-0.089247,-0.003409
19.525454,-0.076613,-0.001130,-0.076505,-0.001346
19.542120,-0.059336,-0.002393,-0.059151,-0.001990
19.558787,-0.036855,0.004678,-0.036951,0.004814
19.575454,-0.015548,0.014983,-0.015682,0.014885
19.592120,0.002497,0.023337,0.002628,0.022899
19.608787,0.020797,0.023044,0.020822,0.023443
19.625454,0.036229,0.029060,0.036148,0.029039
19.642120,0.045746,0.033942,0.045586,0.033815
19.658787,0.047304,0.035579,0.047316,0.035606
19.675454,0.043948,0.036456,0.044103,0.036565
19.692120,0.038360,0.037367,0.038233,0.037732
19.708787,0.025741,0.041649,0.025571,0.040874
19.725454,0.006154,0.028408,0.006038,0.028183
19.742120,-0.017786,0.008734,-0.017471,0.009244
19.758787,-0.036635,-0.002065,-0.036582,-0.001781
19.775454,-0.054104,-0.006879,-0.054120,-0.007094
19.792120,-0.071119,-0.014831,-0.071354,-0.015098
19.808787,-0.091092,-0.027005,-0.091052,-0.026822
19.825454,-0.108217,-0.034848,-0.107888,-0.034744
19.842120,-0.116607,-0.039292,-0.116806,-0.039262
19.858787,-0.125458,-0.041222,-0.125499,-0.041868
19.875454,-0.131719,-0.051694,-0.131822,-0.051089
19.892120,-0.135963,-0.046888,-0.135608,-0.046842
19.908787,-0.129501,-0.036121,-0.129786,-0.035890
19.925454,-0.123644,-0.016922,-0.123419,-0.017254
19.942120,-0.109568,-0.001054,-0.109631,-0.000822
19.958787,-0.092921,0.019906,-0.092928,0.019737
19.975454,-0.073280,0.037289,-0.073291,0.037440
19.992120,-0.051248,0.055321,-0.051270,0.055193
20.008787,-0.027476,0.067548,-0.027377,0.067557
20.025454,-0.000612,0.074850,-0.000436,0.075155
20.042120,0.029424,0.080903,0.029162,0.080271
20.058787,0.053388,0.068411,0.053353,0.068085
20.075454,0.074198,0.044310,0.074369,0.044627
20.092120,0.094733,0.022769,0.094592,0.023299
20.108787,0.108709,0.009610,0.108759,0.009198
20.125454,0.118836,-0.011155,0.118757,-0.011302
20.142120,0.122443,-0.034166,0.122360,-0.033849
20.158787,0.119197,-0.050069,0.119611,-0.050218
20.175454,0.117161,-0.066024,0.117025,-0.066069
20.192120,0.105437,-0.078882,0.104897,-0.079062
20.208787,0.076608,-0.089194,0.076660,-0.089002
20.225454,0.042728,-0.088578,0.042800,-0.088069
20.242120,0.007050,-0.071204,0.006864,-0.071188
20.258787,-0.031752,-0.047507,-0.031483,-0.047925
20.275454,-0.062759,-0.027595,-0.062590,-0.027378
20.292120,-0.085876,-0.002285,-0.085972,-0.002137
20.308787,-0.104679,0.025181,-0.104857,0.024979
20.325454,-0.119617,0.046759,-0.119368,0.046405
20.342120,-0.122092,0.058458,-0.122002,0.059001
20.358787,-0.114224,0.075090,-0.114523,0.075218
20.375454,-0.102425,0.087904,-0.102257,0.086885
20.392120,-0.078042,0.075843,-0.077696,0.076282
20.408787,-0.038795,0.065400,-0.038421,0.065940
20.425454,0.012877,0.058857,0.012497,0.058448
20.442120,0.059518,0.039353,0.059125,0.038716
20.458787,0.097891,0.003862,0.097995,0.004198
20.475454,0.135279,-0.027468,0.135662,-0.027225
20.492120,0.175216,-0.053143,0.175111,-0.053238
20.508787,0.206809,-0.076727,0.206557,-0.076947
20.525454,0.225140,-0.098296,0.225163,-0.098052
20.542120,0.233482,-0.107568,0.233595,-0.107254
20.558787,0.232425,-0.102585,0.232201,-0.102351
20.575454,0.215726,-0.085798,0.215340,-0.086294
20.592120,0.181555,-0.071862,0.181809,-0.071853
20.608787,0.143340,-0.053120,0.143595,-0.052581
20.625454,0.103007,-0.021540,0.102754,-0.021845
20.642120,0.053306,0.005836,0.052868,0.005721
20.658787,-0.006343,0.030136,-0.006102,0.030377
20.675454,-0.060029,0.055614,-0.059702,0.055501
20.692120,-0.102553,0.073932,-0.102764,0.073919
20.708787,-0.140884,0.085187,-0.140693,0.084742
20.725454,-0.166234,0.081120,-0.166102,0.081322
20.742120,-0.178804,0.073924,-0.178850,0.073936
20.758787,-0.181509,0.061451,-0.181573,0.061341
20.775454,-0.174789,0.043162,-0.174640,0.042894
20.792120,-0.155209,0.017927,-0.155126,0.018786
20.808787,-0.124931,0.006916,-0.124876,0.006446
20.825454,-0.086158,-0.012942,-0.086240,-0.013521
20.842120,-0.043740,-0.042000,-0.043377,-0.041722
20.858787,0.006873,-0.062246,0.006911,-0.061603
20.875454,0.055641,-0.065136,0.055252,-0.065165
20.892120,0.091198,-0.062949,0.090723,-0.063070
20.908787,0.110227,-0.058816,0.110501,-0.059210
20.925454,0.126168,-0.058467,0.126323,-0.058141
20.942120,0.137074,-0.049047,0.137246,-0.049000
20.958787,0.142282,-0.035367,0.142090,-0.035643
20.975454,0.134034,-0.023251,0.133558,-0.022931
20.992120,0.107190,-0.002935,0.107359,-0.002469
21.008787,0.074606,0.025669,0.074820,0.025595
21.025454,0.039050,0.049052,0.038715,0.048308
21.042120,-0.006902,0.052690,-0.007169,0.052110
21.058787,-0.059030,0.040328,-0.058440,0.040974
21.075454,-0.099289,0.036450,-0.098999,0.037114
21.092120,-0.131529,0.042700,-0.132147,0.042135
21.108787,-0.170883,0.036830,-0.171169,0.036420
21.125454,-0.209260,0.021746,-0.208695,0.022008
21.142120,-0.228745,0.010802,-0.228419,0.011233
21.158787,-0.232191,0.007844,-0.232417,0.007926
21.175454,-0.229715,0.006366,-0.229871,0.005377
21.192120,-0.220438,-0.012268,-0.220545,-0.012065
21.208787,-0.202921,-0.024830,-0.202698,-0.023900
21.225454,-0.170612,-0.017278,-0.170289,-0.017074
21.242120,-0.121987,-0.003758,-0.122305,-0.004995
21.258787,-0.069779,-0.011642,-0.069563,-0.011297
21.275454,-0.006689,-0.012886,-0.006296,-0.012280
21.292120,0.067296,-0.002663,0.066915,-0.002748
21.308787,0.134931,0.005477,0.134537,0.005162
21.325454,0.193799,0.005928,0.193748,0.005401
21.342120,0.249082,-0.005385,0.250046,-0.004377
21.358787,0.317020,-0.001052,0.316963,-0.001265
21.375454,0.375469,-0.003140,0.374709,-0.004165
21.392120,0.407962,-0.025474,0.407670,-0.025076
21.408787,0.421416,-0.040459,0.421668,-0.039793
21.425454,0.426288,-0.041405,0.426629,-0.041348
21.442120,0.424776,-0.039339,0.424625,-0.039926
21.458787,0.407933,-0.046584,0.407489,-0.046719
21.475454,0.370656,-0.054062,0.370948,-0.054228
21.492120,0.327153,-0.059611,0.327098,-0.058823
21.508787,0.273075,-0.044512,0.272753,-0.044078
21.525454,0.206396,-0.016054,0.206243,-0.016849
21.542120,0.134034,0.000974,0.134295,0.001448
21.558787,0.067640,0.025766,0.068082,0.025992
21.575454,0.013466,0.050818,0.013280,0.049823
21.592120,-0.038010,0.052744,-0.038349,0.052674
21.608787,-0.087839,0.048358,-0.087685,0.049189
21.625454,-0.125123,0.054609,-0.124671,0.054502
21.642120,-0.143145,0.054245,-0.143147,0.054096
21.658787,-0.150132,0.044750,-0.150314,0.044585
21.675454,-0.150354,0.025164,-0.150302,0.024543
21.692120,-0.141026,-0.010847,-0.140617,-0.010513
21.708787,-0.117581,-0.042428,-0.117980,-0.042474
21.725454,-0.096839,-0.072558,-0.096580,-0.071791
21.742120,-0.069796,-0.084668,-0.069905,-0.085134
21.758787,-0.045325,-0.100188,-0.045707,-0.100447
21.775454,-0.029818,-0.114582,-0.029482,-0.114469
21.792120,-0.011408,-0.119774,-0.011477,-0.119254
21.808787,0.001795,-0.107142,0.001848,-0.107702
21.825454,0.010811,-0.095174,0.010652,-0.095024
21.842120,0.011122,-0.071260,0.010807,-0.070325
21.858787,0.000450,-0.023754,0.000563,-0.023528
21.875454,-0.011932,0.029178,-0.011824,0.028434
21.892120,-0.024067,0.063918,-0.024182,0.063228
21.908787,-0.038038,0.078092,-0.037946,0.078177
21.925454,-0.048697,0.085746,-0.048505,0.086284
21.942120,-0.053402,0.096090,-0.053461,0.096011
21.958787,-0.056220,0.097989,-0.056445,0.097960
21.975454,-0.059362,0.090866,-0.059486,0.091037
21.992120,-0.059620,0.076822,-0.059151,0.076127
22.008787,-0.045286,0.040755,-0.045153,0.040374
22.025454,-0.022642,-0.008302,-0.022745,-0.008230
22.042120,0.002448,-0.056122,0.002448,-0.055937
22.058787,0.029761,-0.094457,0.029726,-0.093563
22.075454,0.056906,-0.107570,0.056857,-0.107355
22.092120,0.082320,-0.108762,0.082236,-0.108926
22.108787,0.104477,-0.108024,0.104586,-0.108929
22.125454,0.126062,-0.119917,0.126074,-0.120224
22.142120,0.144367,-0.131396,0.144439,-0.130728
22.158787,0.159075,-0.121228,0.159028,-0.120752
22.175454,0.166776,-0.091453,0.166415,-0.091008
22.192120,0.161591,-0.045554,0.161531,-0.045713
22.208787,0.150154,-0.000101,0.150134,-0.000395
22.225454,0.135431,0.037051,0.135766,0.036401
22.242120,0.125397,0.057112,0.125684,0.056946
22.258787,0.119139,0.069526,0.118942,0.070061
22.275454,0.106792,0.088320,0.106586,0.088819
22.292120,0.087474,0.111837,0.087101,0.112165
22.308787,0.059384,0.132950,0.059511,0.132000
22.325454,0.034102,0.125042,0.034406,0.124267
22.342120,0.016981,0.091527,0.017380,0.091627
22.358787,0.009682,0.052758,0.009735,0.053129
22.375454,0.003804,0.019623,0.003422,0.020001
22.392120,-0.010690,-0.003955,-0.011172,-0.003589
22.408787,-0.035782,-0.017814,-0.035701,-0.017890
22.425454,-0.059470,-0.031708,-0.059100,-0.031986
22.442120,-0.074334,-0.050790,-0.074254,-0.051449
22.458787,-0.084793,-0.080476,-0.084575,-0.080735
22.475454,-0.089455,-0.108780,-0.089621,-0.108309
22.492120,-0.096875,-0.117559,-0.097170,-0.116098
22.508787,-0.110044,-0.088442,-0.110333,-0.088368
22.525454,-0.127466,-0.051231,-0.127420,-0.052023
22.542120,-0.140204,-0.028232,-0.139888,-0.029016
22.558787,-0.140788,-0.022606,-0.140426,-0.022778
22.575454,-0.127686,-0.021643,-0.127719,-0.021338
22.592120,-0.109231,-0.013334,-0.109361,-0.012293
22.608787,-0.088762,0.016287,-0.089280,0.016251
22.625454,-0.073368,0.044558,-0.073198,0.044468
22.642120,-0.049501,0.064832,-0.049132,0.064295
22.658787,-0.012746,0.065207,-0.012431,0.064307
22.675454,0.034694,0.040084,0.034659,0.039956
22.692120,0.083207,0.008737,0.083115,0.009332
22.708787,0.128008,-0.010042,0.127546,-0.008613
22.725454,0.160235,-0.000286,0.160102,-0.000304
22.742120,0.185770,0.008127,0.185831,0.006610
22.758787,0.209345,-0.015197,0.209752,-0.015886
22.775454,0.237370,-0.053774,0.237895,-0.053095
22.792120,0.269570,-0.077127,0.269246,-0.076664
22.808787,0.286755,-0.083664,0.286223,-0.083382
22.825454,0.282358,-0.075481,0.281950,-0.074799
22.842120,0.259052,-0.049107,0.259148,-0.049128
22.858787,0.228898,-0.022960,0.229286,-0.024432
22.875454,0.200214,-0.026142,0.200420,-0.026855
22.892120,0.170950,-0.042484,0.171043,-0.041611
22.908787,0.138189,-0.038104,0.138110,-0.036803
22.925454,0.097662,-0.003638,0.096898,-0.003111
22.942120,0.038333,0.042495,0.037860,0.040965
22.958787,-0.029939,0.057132,-0.029232,0.056812
22.975454,-0.080446,0.058964,-0.079453,0.059113
22.992120,-0.105481,0.057958,-0.105681,0.057889
23.008787,-0.127695,0.053800,-0.128261,0.053862
23.025454,-0.155902,0.051742,-0.156112,0.052407
23.042120,-0.183920,0.063094,-0.183837,0.063460
23.058787,-0.204466,0.079721,-0.204420,0.079542
23.075454,-0.215615,0.087293,-0.215444,0.086385
23.092120,-0.213672,0.070740,-0.213189,0.069658
23.108787,-0.193869,0.030243,-0.193758,0.031280
23.125454,-0.165999,0.009562,-0.166219,0.010686
23.142120,-0.139852,0.013329,-0.140408,0.013191
23.158787,-0.123711,0.017000,-0.123785,0.016659
23.175454,-0.108980,0.012344,-0.108546,0.012237
23.192120,-0.085956,0.000397,-0.085759,-0.000296
23.208787,-0.059673,-0.028409,-0.059612,-0.029068
23.225454,-0.035199,-0.068245,-0.035343,-0.067599
23.242120,-0.019372,-0.089173,-0.019655,-0.087992
23.258787,-0.016684,-0.078418,-0.016896,-0.078067
23.275454,-0.025810,-0.053562,-0.025952,-0.053939
23.292120,-0.043420,-0.033424,-0.043366,-0.034502
23.308787,-0.063147,-0.033963,-0.062702,-0.034161
23.325454,-0.076134,-0.038027,-0.075942,-0.037770
23.342120,-0.086843,-0.033397,-0.087181,-0.032712
23.358787,-0.105218,-0.010240,-0.105732,-0.009516
23.375454,-0.133024,0.029656,-0.133218,0.029348
23.392120,-0.160468,0.062274,-0.160040,0.061480
23.408787,-0.171458,0.074205,-0.171101,0.073954
23.425454,-0.164177,0.074262,-0.163757,0.074086
23.442120,-0.137903,0.066436,-0.137826,0.066795
23.458787,-0.101712,0.063279,-0.102330,0.064065
23.475454,-0.070842,0.072360,-0.071038,0.072685
23.492120,-0.038570,0.081552,-0.038447,0.080836
23.508787,0.001371,0.067702,0.001970,0.066661
23.525454,0.056848,0.024624,0.057126,0.024207
23.542120,0.118489,-0.030870,0.118422,-0.030362
23.558787,0.174164,-0.073847,0.173902,-0.072901
23.575454,0.214567,-0.090830,0.214021,-0.090333
23.592120,0.231264,-0.089656,0.231159,-0.089941
23.608787,0.231646,-0.087442,0.231811,-0.088224
23.625454,0.221455,-0.094902,0.221746,-0.095355
23.642120,0.203195,-0.104222,0.203292,-0.103635
23.658787,0.172198,-0.093359,0.171980,-0.092437
23.675454,0.121648,-0.055076,0.120925,-0.055478
23.692120,0.044014,-0.015219,0.043560,-0.015137
23.708787,-0.050595,0.030176,-0.050041,0.030734
23.725454,-0.137046,0.084002,-0.136558,0.083301
23.742120,-0.210910,0.118771,-0.210738,0.118259
23.758787,-0.275242,0.135024,-0.275552,0.135172
23.775454,-0.337262,0.144470,-0.337711,0.144543
23.792120,-0.396714,0.146713,-0.396666,0.147057
23.808787,-0.440181,0.146318,-0.439834,0.146425
23.825454,-0.457743,0.137531,-0.457342,0.136902
23.842120,-0.446304,0.106437,-0.445902,0.106004
23.858787,-0.407141,0.058260,-0.407281,0.058600
23.875454,-0.353489,0.010900,-0.353730,0.010764
23.892120,-0.291210,-0.039548,-0.291066,-0.039074
23.908787,-0.216890,-0.078919,-0.217014,-0.078895
23.925454,-0.138206,-0.113508,-0.138157,-0.113738
23.942120,-0.054962,-0.146155,-0.054796,-0.146719
23.958787,0.031197,-0.180136,0.031605,-0.179301
23.975454,0.119669,-0.187469,0.119137,-0.187417
23.992120,0.188497,-0.180812,0.188213,-0.180528
24.008787,0.238391,-0.157496,0.238363,-0.157407
24.025454,0.272441,-0.124270,0.272364,-0.124722
24.042120,0.289906,-0.093758,0.289904,-0.093981
24.058787,0.292796,-0.063333,0.292897,-0.063093
24.075454,0.283642,-0.025054,0.283614,-0.024905
24.092120,0.260859,0.018796,0.260609,0.018908
24.108787,0.221834,0.065051,0.221720,0.065630
24.125454,0.171619,0.117279,0.171546,0.116905
24.142120,0.114800,0.153058,0.114895,0.152158
24.158787,0.058567,0.159535,0.058810,0.159710
24.175454,0.008932,0.155764,0.009047,0.155676
24.192120,-0.034338,0.139518,-0.034401,0.139341
24.208787,-0.073300,0.112304,-0.073378,0.112929
24.225454,-0.107228,0.090651,-0.107205,0.090513
24.242120,-0.133149,0.062210,-0.133058,0.061832
24.258787,-0.148789,0.023838,-0.148734,0.023949
24.275454,-0.154446,-0.013586,-0.154188,-0.013746
24.292120,-0.147278,-0.051672,-0.147333,-0.051562
24.308787,-0.134470,-0.082190,-0.134675,-0.081996
24.325454,-0.120232,-0.101087,-0.120298,-0.100854
24.342120,-0.102962,-0.106735,-0.102779,-0.106585
24.358787,-0.078840,-0.101321,-0.078759,-0.101583
24.375454,-0.050794,-0.093306,-0.050809,-0.093554
24.392120,-0.022329,-0.083020,-0.022342,-0.082575
24.408787,0.004431,-0.058700,0.004506,-0.058421
24.425454,0.029018,-0.025367,0.028691,-0.025346
24.442120,0.043066,0.008434,0.042887,0.008271
24.458787,0.049356,0.035159,0.049510,0.034630
24.475454,0.054769,0.046026,0.055006,0.045722
24.492120,0.061297,0.045743,0.061356,0.045969
24.508787,0.065064,0.046126,0.064993,0.046583
24.525454,0.062450,0.052470,0.062211,0.052916
24.542120,0.050020,0.063052,0.049687,0.062574
24.558787,0.027511,0.058966,0.027585,0.058060
24.575454,0.005016,0.032550,0.005328,0.032709
24.592120,-0.010573,0.006052,-0.010365,0.006508
24.608787,-0.019890,-0.010803,-0.020028,-0.010854
24.625454,-0.029028,-0.024075,-0.029195,-0.023705
24.642120,-0.038334,-0.025924,-0.038361,-0.025488
24.658787,-0.044338,-0.017278,-0.044279,-0.017693
24.675454,-0.043864,-0.016312,-0.043995,-0.016842
24.692120,-0.038502,-0.026243,-0.038288,-0.026659
24.708787,-0.021111,-0.042972,-0.020532,-0.042446
24.725454,0.013828,-0.046710,0.013726,-0.045698
24.742120,0.051362,-0.028728,0.050898,-0.028803
24.758787,0.082330,-0.012127,0.082081,-0.012883
24.775454,0.109877,-0.013375,0.109928,-0.013728
24.792120,0.140161,-0.026536,0.140816,-0.026677
24.808787,0.183628,-0.045237,0.183924,-0.045255
24.825454,0.230758,-0.062897,0.230444,-0.062427
24.842120,0.265948,-0.067408,0.265517,-0.066900
24.858787,0.283439,-0.057576,0.283220,-0.057605
24.875454,0.286175,-0.045233,0.286104,-0.045506
24.892120,0.278272,-0.037368,0.278423,-0.037987
24.908787,0.265563,-0.040310,0.266042,-0.040530
24.925454,0.254210,-0.044074,0.254345,-0.043456
24.942120,0.236380,-0.030434,0.235913,-0.029760
24.958787,0.199612,0.001922,0.198979,0.002018
24.975454,0.141964,0.038700,0.141787,0.038804
24.992120,0.076243,0.073612,0.076541,0.072965
25.008787,0.017139,0.088320,0.017602,0.087271
25.025454,-0.027844,0.075483,-0.027416,0.075575
25.042120,-0.058232,0.059820,-0.058271,0.060517
25.058787,-0.083760,0.056578,-0.084253,0.057761
25.075454,-0.113619,0.073896,-0.114101,0.073906
25.092120,-0.145995,0.085374,-0.145894,0.083980
25.108787,-0.166527,0.060818,-0.165982,0.060332
25.125454,-0.164166,0.017071,-0.163403,0.016479
25.142120,-0.135872,-0.040782,-0.135763,-0.039913
25.158787,-0.098116,-0.078612,-0.098835,-0.077185
25.175454,-0.070832,-0.083071,-0.071545,-0.083385
25.192120,-0.055684,-0.087000,-0.055555,-0.087946
25.208787,-0.035948,-0.104261,-0.035331,-0.104483
25.225454,-0.001224,-0.121430,-0.000692,-0.121033
25.242120,0.045251,-0.124556,0.045311,-0.124345
25.258787,0.090053,-0.114635,0.089424,-0.114519
25.275454,0.115777,-0.093296,0.115308,-0.093007
25.292120,0.123190,-0.059734,0.123044,-0.059556
25.308787,0.119753,-0.020105,0.119744,-0.020297
25.325454,0.111692,0.014628,0.112092,0.013804
25.342120,0.109240,0.030947,0.109869,0.031002
25.358787,0.116470,0.045185,0.116425,0.045477
25.375454,0.118951,0.062827,0.118067,0.063683
25.392120,0.099876,0.093179,0.099792,0.092468
25.408787,0.074733,0.105213,0.074627,0.105477
25.425454,0.046854,0.112799,0.047388,0.112502
25.442120,0.030931,0.103930,0.031419,0.103329
25.458787,0.026699,0.074137,0.026514,0.073900
25.475454,0.020134,0.033945,0.020071,0.034254
25.492120,0.010917,-0.001452,0.010382,-0.000925
25.508787,-0.010018,-0.024176,-0.010177,-0.024011
25.525454,-0.034158,-0.039747,-0.033853,-0.039679
25.542120,-0.050542,-0.050808,-0.050172,-0.051516
25.558787,-0.056576,-0.071281,-0.056457,-0.071389
25.575454,-0.057631,-0.088400,-0.057671,-0.087998
25.592120,-0.058733,-0.090194,-0.059071,-0.089864
25.608787,-0.066455,-0.076964,-0.067023,-0.076429
25.625454,-0.083764,-0.047134,-0.083389,-0.047730
25.642120,-0.091083,-0.024576,-0.090666,-0.024605
25.658787,-0.085590,-0.002282,-0.085542,-0.002386
25.675454,-0.073784,0.017084,-0.073907,0.016789
25.692120,-0.059953,0.030339,-0.059993,0.030634
25.708787,-0.043633,0.048229,-0.043835,0.048830
25.725454,-0.027878,0.074821,-0.027750,0.074632
25.742120,-0.006582,0.092610,-0.006350,0.092445
25.758787,0.021695,0.098308,0.021835,0.097822
25.775454,0.053537,0.084993,0.053514,0.084304
25.792120,0.083373,0.051470,0.083031,0.052137
25.808787,0.103386,0.026200,0.103268,0.026539
25.825454,0.116652,0.007086,0.116950,0.006632
25.842120,0.130270,-0.017771,0.130228,-0.017427
25.858787,0.137539,-0.032999,0.137559,-0.032726
25.875454,0.138486,-0.039746,0.138322,-0.039857
25.892120,0.128912,-0.045409,0.128948,-0.045919
25.908787,0.112148,-0.057160,0.111946,-0.056942
25.925454,0.084710,-0.060708,0.084573,-0.060750
25.942120,0.049432,-0.058688,0.049693,-0.058592
25.958787,0.015498,-0.047584,0.015388,-0.046813
25.975454,-0.021746,-0.016547,-0.021710,-0.016863
25.992120,-0.057612,0.011353,-0.058010,0.011672
26.008787,-0.097116,0.042687,-0.096739,0.041847
26.025454,-0.123550,0.053696,-0.123290,0.053224
26.042120,-0.137206,0.051293,-0.137153,0.051682
26.058787,-0.141650,0.053214,-0.141700,0.053819
26.075454,-0.139624,0.064473,-0.139745,0.064749
26.092120,-0.133010,0.077225,-0.133202,0.076827
26.108787,-0.122754,0.075943,-0.122625,0.075486
26.125454,-0.102529,0.057938,-0.102089,0.057415
26.142120,-0.067342,0.024248,-0.067226,0.024318
26.158787,-0.025816,-0.009207,-0.025589,-0.008975
26.175454,0.019257,-0.034121,0.018796,-0.033192
26.192120,0.050944,-0.035752,0.050511,-0.035697
26.208787,0.067265,-0.031628,0.067231,-0.031636
26.225454,0.075293,-0.026758,0.075543,-0.027753
26.242120,0.080909,-0.040340,0.081138,-0.040961
26.258787,0.083302,-0.062787,0.083544,-0.062012
26.275454,0.080373,-0.064314,0.080138,-0.063393
26.292120,0.061173,-0.040343,0.060146,-0.040101
26.308787,0.012128,-0.006070,0.011911,-0.006540
26.325454,-0.047537,0.019971,-0.047006,0.019824
26.342120,-0.097847,0.038872,-0.097341,0.038265
26.358787,-0.134721,0.041384,-0.134309,0.040974
26.375454,-0.158998,0.033359,-0.159525,0.034203
26.392120,-0.188153,0.040080,-0.188555,0.040494
26.408787,-0.219216,0.054035,-0.219286,0.054323
26.425454,-0.243066,0.069178,-0.242848,0.068923
26.442120,-0.250464,0.070769,-0.250082,0.069702
26.458787,-0.235946,0.042872,-0.235614,0.041916
26.475454,-0.200750,-0.007853,-0.200702,-0.007072
26.492120,-0.152847,-0.042890,-0.152878,-0.041204
26.508787,-0.097178,-0.041792,-0.097946,-0.042327
26.525454,-0.048748,-0.045387,-0.048660,-0.045771
26.542120,0.007665,-0.054410,0.008451,-0.054574
26.558787,0.083951,-0.066228,0.084138,-0.066749
26.575454,0.165948,-0.085157,0.165997,-0.084878
26.592120,0.245214,-0.093105,0.244673,-0.092910
26.608787,0.305450,-0.088778,0.305246,-0.087730
26.625454,0.349351,-0.058202,0.349090,-0.057963
26.642120,0.375441,-0.021267,0.375477,-0.022341
26.658787,0.390160,-0.007093,0.390509,-0.007847
26.675454,0.399725,-0.011311,0.400075,-0.011402
26.692120,0.402597,-0.018513,0.402704,-0.017728
26.708787,0.391159,-0.009294,0.390336,-0.008157
26.725454,0.346704,0.022513,0.346082,0.021436
26.742120,0.274725,0.034044,0.274774,0.034016
26.758787,0.192834,0.040928,0.193372,0.040787
26.775454,0.115887,0.040497,0.116260,0.040335
26.792120,0.044524,0.034425,0.044587,0.033847
26.808787,-0.025733,0.018926,-0.026253,0.019902
26.825454,-0.104178,0.024935,-0.104593,0.025408
26.842120,-0.185668,0.043111,-0.185353,0.043566
26.858787,-0.252092,0.068726,-0.251887,0.067711
26.875454,-0.300570,0.070792,-0.300376,0.069979
26.892120,-0.328523,0.051935,-0.328203,0.052369
26.908787,-0.333201,0.037384,-0.333361,0.037544
26.925454,-0.324073,0.025840,-0.324139,0.026423
26.942120,-0.300894,0.025542,-0.300651,0.025902
26.958787,-0.259556,0.029862,-0.259913,0.029212
26.975454,-0.211882,0.017365,-0.211734,0.016842
26.992120,-0.150181,-0.010887,-0.149679,-0.010870
27.008787,-0.070632,-0.042928,-0.070628,-0.043177
27.025454,0.013313,-0.078676,0.013498,-0.078483
27.042120,0.098849,-0.105255,0.098275,-0.104549
27.058787,0.166941,-0.110934,0.166780,-0.110495
27.075454,0.221489,-0.101698,0.221473,-0.101950
27.092120,0.263588,-0.093219,0.263627,-0.094132
27.108787,0.293689,-0.099079,0.293717,-0.099128
27.125454,0.310827,-0.102170,0.311033,-0.101946
27.142120,0.316871,-0.094108,0.316647,-0.093605
27.158787,0.303259,-0.068018,0.302580,-0.067555
27.175454,0.262557,-0.025836,0.263075,-0.026369
27.192120,0.218504,0.011090,0.218279,0.011608
27.208787,0.161365,0.056970,0.161033,0.056704
27.225454,0.093353,0.093312,0.093722,0.093104
27.242120,0.031008,0.118114,0.031415,0.117300
27.258787,-0.021883,0.120174,-0.022277,0.120732
27.275454,-0.077473,0.124970,-0.077596,0.125859
27.292120,-0.128535,0.137875,-0.128502,0.137353
27.308787,-0.169127,0.131517,-0.168868,0.130681
27.325454,-0.192630,0.099160,-0.192136,0.099283
27.342120,-0.194702,0.060110,-0.194546,0.060027
27.358787,-0.183817,0.015380,-0.184179,0.015466
27.375454,-0.172546,-0.027195,-0.172841,-0.026766
27.392120,-0.161830,-0.058051,-0.161817,-0.058054
27.408787,-0.146704,-0.083410,-0.146450,-0.083166
27.425454,-0.123177,-0.098768,-0.122971,-0.099299
27.442120,-0.093673,-0.117218,-0.093652,-0.117723
27.458787,-0.064600,-0.135840,-0.064574,-0.134912
27.475454,-0.039717,-0.126424,-0.039944,-0.126095
27.492120,-0.026531,-0.099218,-0.027124,-0.099375
27.508787,-0.031984,-0.065566,-0.032203,-0.065277
27.525454,-0.046970,-0.021913,-0.046451,-0.022208
27.542120,-0.054940,0.016999,-0.054668,0.016773
27.558787,-0.058462,0.049412,-0.058361,0.049135
27.575454,-0.060782,0.073061,-0.061209,0.073518
27.592120,-0.071845,0.100290,-0.071984,0.100349
27.608787,-0.085733,0.122284,-0.085653,0.122421
27.625454,-0.096530,0.137400,-0.096398,0.137152
27.642120,-0.101151,0.135840,-0.101159,0.135281
27.658787,-0.100630,0.111263,-0.100473,0.111145
27.675454,-0.091592,0.073654,-0.091387,0.073630
27.692120,-0.073930,0.028909,-0.074008,0.029080
27.708787,-0.054169,-0.014989,-0.054385,-0.014757
27.725454,-0.035948,-0.053698,-0.036094,-0.053535
27.742120,-0.018275,-0.086308,-0.018020,-0.086939
27.758787,0.006184,-0.124625,0.006276,-0.124513
27.775454,0.034127,-0.152090,0.034118,-0.151721
27.792120,0.062451,-0.161028,0.062489,-0.160683
27.808787,0.090152,-0.150706,0.090119,-0.150726
27.825454,0.114345,-0.128962,0.114003,-0.128794
27.842120,0.128838,-0.095528,0.128875,-0.095456
27.858787,0.140694,-0.055847,0.140894,-0.056316
27.875454,0.153504,-0.022817,0.153420,-0.022709
27.892120,0.162386,0.011585,0.162620,0.011665
27.908787,0.172350,0.045403,0.172291,0.045193
27.925454,0.177169,0.072025,0.176826,0.072456
27.942120,0.171144,0.100997,0.171387,0.100722
27.958787,0.164766,0.117319,0.164616,0.117509
27.975454,0.151576,0.126798,0.151558,0.126393
27.992120,0.134532,0.117762,0.134774,0.117056
28.008787,0.118484,0.086728,0.118434,0.086958
28.025454,0.097730,0.054643,0.097873,0.055144
28.042120,0.074659,0.030550,0.074392,0.030697
28.058787,0.041441,0.010413,0.040993,0.010204
28.075454,-0.004224,-0.011358,-0.003824,-0.011402
28.092120,-0.045078,-0.031397,-0.045136,-0.031076
28.108787,-0.087025,-0.042300,-0.086991,-0.043052
28.125454,-0.126750,-0.061535,-0.126684,-0.061113
28.142120,-0.162589,-0.066327,-0.162545,-0.065720
28.158787,-0.194101,-0.052889,-0.194252,-0.052998
28.175454,-0.223751,-0.035831,-0.223896,-0.035843
28.192120,-0.249704,-0.016720,-0.249649,-0.016907
28.208787,-0.266088,-0.001539,-0.265922,-0.001720
28.225454,-0.268858,0.008358,-0.268736,0.008270
28.242120,-0.257819,0.014696,-0.257661,0.014603
28.258787,-0.232683,0.018517,-0.232734,0.018720
28.275454,-0.198540,0.025589,-0.198464,0.026437
28.292120,-0.154788,0.045624,-0.155072,0.045178
28.308787,-0.109047,0.052182,-0.109037,0.051405
28.325454,-0.057028,0.036994,-0.056419,0.037224
28.342120,0.009956,0.018758,0.010019,0.018242
28.358787,0.078527,-0.011944,0.077999,-0.011951
28.375454,0.133931,-0.040892,0.134070,-0.040098
28.392120,0.184596,-0.050127,0.184606,-0.049609
28.408787,0.225916,-0.044357,0.225592,-0.044672
28.425454,0.250697,-0.040958,0.250617,-0.041427
28.442120,0.263060,-0.044548,0.263287,-0.044969
28.458787,0.268661,-0.053184,0.268797,-0.052931
28.475454,0.265469,-0.051972,0.265387,-0.051330
28.492120,0.248834,-0.032469,0.248384,-0.032159
28.508787,0.212546,-0.002141,0.212365,-0.002545
28.525454,0.163667,0.022666,0.163982,0.022687
28.542120,0.114192,0.045768,0.114441,0.045868
28.558787,0.065582,0.065502,0.065174,0.065265
28.575454,0.008358,0.074408,0.008304,0.073397
28.592120,-0.048705,0.059820,-0.048293,0.060557
28.608787,-0.094831,0.055378,-0.094876,0.056280
28.625454,-0.136386,0.065158,-0.136553,0.064335
28.642120,-0.174104,0.057630,-0.174217,0.057457
28.658787,-0.205372,0.043649,-0.204949,0.043926
28.675454,-0.219434,0.031679,-0.219207,0.031719
28.692120,-0.220160,0.018360,-0.220275,0.018104
28.708787,-0.215342,-0.000613,-0.215589,-0.000746
28.725454,-0.209010,-0.020903,-0.208984,-0.021151
28.742120,-0.196984,-0.041622,-0.197045,-0.040587
28.758787,-0.180863,-0.038216,-0.180635,-0.038254
28.775454,-0.155840,-0.030706,-0.155768,-0.031031
28.792120,-0.125946,-0.026376,-0.125947,-0.026636
28.808787,-0.094435,-0.025310,-0.094546,-0.025265
28.825454,-0.065306,-0.021671,-0.065335,-0.021546
28.842120,-0.038670,-0.013120,-0.038718,-0.013111
28.858787,-0.015803,-0.001816,-0.015887,-0.001170
28.875454,0.002152,0.021580,0.002310,0.021345
28.892120,0.019188,0.037866,0.019042,0.037459
28.908787,0.029692,0.041122,0.029637,0.040692
28.925454,0.035268,0.030795,0.035454,0.030734
28.942120,0.040281,0.015598,0.040135,0.016406
28.958787,0.038879,0.012910,0.038878,0.012774
28.975454,0.034066,0.006343,0.033798,0.005775
28.992120,0.022441,-0.011491,0.022457,-0.011438
29.008787,0.011167,-0.028103,0.011530,-0.027702
29.025454,0.008149,-0.035472,0.008190,-0.035487
29.042120,0.008418,-0.039897,0.008154,-0.040211
29.058787,0.006994,-0.045864,0.006885,-0.045824
29.075454,0.007685,-0.046248,0.007867,-0.045520
29.092120,0.017161,-0.029328,0.017316,-0.029216
29.108787,0.035981,-0.008775,0.035894,-0.009422
29.125454,0.060105,-0.001192,0.060150,-0.001481
29.142120,0.091449,-0.001243,0.091750,-0.001141
29.158787,0.133278,-0.001182,0.133246,-0.000578
29.175454,0.177589,0.008496,0.177283,0.008137
29.192120,0.217636,0.010219,0.217521,0.009943
29.208787,0.255811,0.004890,0.256202,0.005374
29.225454,0.300078,0.005710,0.300337,0.005582
29.242120,0.345695,0.001610,0.345519,0.001068
29.258787,0.381282,-0.014141,0.381086,-0.014036
29.275454,0.403136,-0.028353,0.402950,-0.027768
29.292120,0.409421,-0.031079,0.409539,-0.031202
29.308787,0.404661,-0.034839,0.404633,-0.035121
29.325454,0.385870,-0.042687,0.385676,-0.042830
29.342120,0.350134,-0.051065,0.350209,-0.051185
29.358787,0.302822,-0.057380,0.302769,-0.056734
29.375454,0.242898,-0.046123,0.242654,-0.046432
29.392120,0.168876,-0.034225,0.169047,-0.033541
29.408787,0.091065,-0.006224,0.090596,-0.006241
29.425454,0.002056,0.021563,0.002308,0.020858
29.442120,-0.080633,0.033928,-0.080477,0.033491
29.458787,-0.154470,0.035338,-0.154291,0.035825
29.475454,-0.215926,0.043436,-0.216075,0.044188
29.492120,-0.268611,0.062835,-0.268658,0.062184
29.508787,-0.308684,0.066766,-0.308421,0.066522
29.525454,-0.328694,0.060781,-0.328922,0.061262
29.542120,-0.335819,0.057374,-0.335527,0.056685
29.558787,-0.320145,0.036285,-0.319841,0.036696
29.575454,-0.282106,0.017856,-0.282352,0.018072
29.592120,-0.233068,-0.000645,-0.233186,-0.001362
29.608787,-0.172899,-0.034201,-0.172204,-0.034394
29.625454,-0.089961,-0.070146,-0.090343,-0.069635
29.642120,-0.007344,-0.092505,-0.007252,-0.091564
29.658787,0.079000,-0.092361,0.078907,-0.093386
29.675454,0.161770,-0.105414,0.161615,-0.105375
29.692120,0.236765,-0.112692,0.236769,-0.112768
29.708787,0.303993,-0.114993,0.304422,-0.114311
29.725454,0.367980,-0.098308,0.367545,-0.098234
29.742120,0.410209,-0.074920,0.410031,-0.075497
29.758787,0.433237,-0.058629,0.433047,-0.058387
29.775454,0.436621,-0.036481,0.436746,-0.036436
29.792120,0.426987,-0.013259,0.427025,-0.013137
29.808787,0.403899,0.010832,0.403930,0.010542
29.825454,0.368254,0.027156,0.367973,0.026859
29.842120,0.315994,0.035652,0.315938,0.035778
29.858787,0.253510,0.044874,0.253684,0.045356
29.875454,0.187975,0.061548,0.187759,0.061504
29.892120,0.115640,0.074942,0.115884,0.074984
29.908787,0.047768,0.084229,0.047609,0.083842
29.925454,-0.019993,0.080484,-0.019807,0.079959
29.942120,-0.079002,0.062050,-0.079027,0.062726
29.958787,-0.131007,0.052566,-0.130959,0.052249
29.975454,-0.173236,0.036750,-0.173084,0.036735
29.992120,-0.203128,0.021652,-0.203069,0.022318
30.008787,-0.222333,0.019511,-0.222456,0.019517
30.025454,-0.234594,0.017169,-0.234440,0.016532
30.042120,-0.235744,0.001876,-0.235752,0.001698
30.058787,-0.229739,-0.017426,-0.229722,-0.017329
30.075454,-0.217438,-0.033367,-0.217512,-0.032944
30.092120,-0.201738,-0.037943,-0.201756,-0.038080
30.108787,-0.182554,-0.040321,-0.182624,-0.040192
30.125454,-0.161454,-0.036097,-0.161293,-0.036035
30.142120,-0.135153,-0.027578,-0.135024,-0.027519
30.158787,-0.105610,-0.016255,-0.105772,-0.016518
30.175454,-0.079691,-0.008917,-0.079815,-0.009098
30.192120,-0.058007,-0.004082,-0.057980,-0.003930
30.208787,-0.038526,0.004713,-0.038469,0.005133
30.225454,-0.021092,0.021783,-0.021129,0.021817
30.242120,-0.007716,0.038202,-0.007818,0.037907
30.258787,0.000375,0.045784,0.000338,0.045445
30.275454,0.004612,0.042870,0.004780,0.042923
30.292120,0.008942,0.037283,0.008924,0.037449
30.308787,0.010070,0.032318,0.009974,0.032431
30.325454,0.006603,0.027803,0.006532,0.027601
30.342120,-0.000515,0.018406,-0.000578,0.018528
30.358787,-0.010057,0.010158,-0.009929,0.010113
30.375454,-0.017416,0.000503,-0.017374,0.000456
30.392120,-0.023258,-0.009974,-0.023260,-0.010016
30.408787,-0.027866,-0.020220,-0.027948,-0.020271
30.425454,-0.032236,-0.029112,-0.032174,-0.028972
30.442120,-0.033244,-0.032213,-0.033266,-0.032007
30.458787,-0.031884,-0.028236,-0.031786,-0.028195
30.475454,-0.026016,-0.021054,-0.025794,-0.021226
30.492120,-0.014116,-0.015746,-0.014381,-0.015781
