Regime,Channel,Pearson_r,Spearman_rho,MAE_mm,RMSE_mm,Ratio_mean,N
Full (20 conditions excl. 0 RPM),Bending,0.9548,0.9519,0.2927,0.4916,1.2093,20.0000
Full (20 conditions),Torsion proxy,0.9945,0.9624,0.6219,1.4176,0.7446,20.0000
"Stable (19 conditions, incl. 60 RPM; excl. DCG 320 RPM)",Bending,0.9622,0.9456,0.2115,0.2780,1.1836,19.0000
"Stable (19 conditions, incl. 60 RPM; excl. DCG 320 RPM)",Torsion proxy,0.9660,0.9561,0.3414,0.5013,0.7495,19.0000
Step 09 static noise floor,Bending,,,,0.0043,,
Step 09 static noise floor,Torsion proxy,,,,0.0052,,
Step 09 camera agreement aligned Z mean,Cam1-Cam2 Z std,,,,1.3940,,21.0000
Step 11 RTS smoother mean amplitude ratio,Bending + Torsion,,,,,0.9950,21.0000
"FOOTNOTE — Bending cam/LDV ratio = 1.26× (stable mean, 19 conditions). The over-read reflects non-simultaneous acquisition, point-vs-spatial-averaging geometry, and residual timing uncertainty (see Discussion Sec. 5.2) — not a validated accuracy figure. Bending r = 0.960 (stable, 19 cond.).",,,,,,,
