t_s,bending_avg_y_mm,torsion_diff_y_mm
0.008953407,-0.21283,0.072293
0.025620074,-0.090288,-0.076998
0.04228674,0.0333,-0.221006
0.058953407,0.146416,-0.329162
0.075620074,0.229454,-0.423216
0.09228674,0.270926,-0.458617
0.108953407,0.275982,-0.452416
0.125620074,0.244496,-0.397476
0.14228674,0.176466,-0.28609
0.158953407,0.086191,-0.143391
0.175620074,-0.015275,-0.008947
0.19228674,-0.117302,0.148182
0.208953407,-0.199713,0.271331
0.225620074,-0.254873,0.365739
0.24228674,-0.282244,0.433621
0.258953407,-0.26634,0.443906
0.275620074,-0.208108,0.404638
0.29228674,-0.118899,0.329225
0.308953407,-0.008144,0.225186
0.325620074,0.110888,0.099827
0.34228674,0.23565,-0.045167
0.358953407,0.346755,-0.18743
0.375620074,0.430206,-0.302776
0.39228674,0.46724,-0.365525
0.408953407,0.461565,-0.396466
0.425620074,0.41516,-0.395325
0.44228674,0.31744,-0.341914
0.458953407,0.190555,-0.239722
0.475620074,0.039529,-0.115981
0.49228674,-0.120494,0.009828
0.508953407,-0.279617,0.153079
0.525620074,-0.415292,0.272806
0.54228674,-0.517828,0.36312
0.558953407,-0.573644,0.41493
0.575620074,-0.583232,0.426456
0.59228674,-0.54453,0.392116
0.608953407,-0.450257,0.303323
0.625620074,-0.322983,0.191058
0.64228674,-0.178382,0.067012
0.658953407,-0.018232,-0.075567
0.675620074,0.125668,-0.209025
0.69228674,0.253842,-0.316512
0.708953407,0.346381,-0.403379
0.725620074,0.389027,-0.431112
0.74228674,0.388254,-0.421029
0.758953407,0.34169,-0.36382
0.775620074,0.251294,-0.262737
0.79228674,0.132673,-0.13102
0.808953407,-0.006932,0.015072
0.825620074,-0.149788,0.156662
0.84228674,-0.277,0.274171
0.858953407,-0.389075,0.379654
0.875620074,-0.45526,0.436867
0.89228674,-0.47989,0.444516
0.908953407,-0.461252,0.410221
0.925620074,-0.390061,0.322754
0.94228674,-0.2818,0.205719
0.958953407,-0.153195,0.072336
0.975620074,-0.010378,-0.078054
0.99228674,0.128499,-0.219106
1.008953407,0.2497,-0.326534
1.025620074,0.3428,-0.417158
1.04228674,0.398302,-0.451066
1.058953407,0.414047,-0.440352
1.075620074,0.390842,-0.378229
1.09228674,0.328335,-0.273898
1.108953407,0.23855,-0.155804
1.125620074,0.13356,-0.018459
1.14228674,0.022986,0.126495
1.158953407,-0.082404,0.259988
1.175620074,-0.165936,0.360653
1.19228674,-0.2119,0.413057
1.208953407,-0.2279,0.431346
1.225620074,-0.212783,0.413121
1.24228674,-0.158666,0.335566
1.258953407,-0.075574,0.21832
1.275620074,0.019826,0.085287
1.29228674,0.121984,-0.051186
1.308953407,0.210485,-0.186377
1.325620074,0.276136,-0.306976
1.34228674,0.30959,-0.385528
1.358953407,0.306047,-0.419526
1.375620074,0.270196,-0.421896
1.39228674,0.189892,-0.367372
1.408953407,0.083927,-0.262203
1.425620074,-0.034788,-0.159944
1.44228674,-0.16421,-0.028439
1.458953407,-0.288638,0.108752
1.475620074,-0.388409,0.230183
1.49228674,-0.452692,0.33252
1.508953407,-0.471085,0.39048
1.525620074,-0.444271,0.407554
1.54228674,-0.368906,0.384496
1.558953407,-0.257734,0.316073
1.575620074,-0.109196,0.20826
1.59228674,0.06493,0.07638
1.608953407,0.241393,-0.059001
1.625620074,0.403173,-0.192517
1.64228674,0.537459,-0.29432
1.658953407,0.635534,-0.389285
1.675620074,0.676044,-0.42299
1.69228674,0.662854,-0.40969
1.708953407,0.604747,-0.358284
1.725620074,0.500476,-0.270741
1.74228674,0.365268,-0.155894
1.758953407,0.199829,-0.022094
1.775620074,0.025748,0.111196
1.79228674,-0.136881,0.235992
1.808953407,-0.277341,0.338925
1.825620074,-0.38159,0.397282
1.84228674,-0.445009,0.427033
1.858953407,-0.460936,0.392874
1.875620074,-0.437194,0.318253
1.89228674,-0.365967,0.207697
1.908953407,-0.267416,0.077724
1.925620074,-0.153349,-0.052426
1.94228674,-0.042457,-0.17402
1.958953407,0.057717,-0.266223
1.975620074,0.13857,-0.357455
1.99228674,0.181874,-0.394524
2.008953407,0.189857,-0.390206
2.025620074,0.162376,-0.34934
2.04228674,0.094307,-0.251209
2.058953407,0.012006,-0.12557
2.075620074,-0.091163,0.011464
2.09228674,-0.198275,0.14497
2.108953407,-0.296335,0.267926
2.125620074,-0.359884,0.356894
2.14228674,-0.394572,0.411356
2.158953407,-0.386026,0.41532
2.175620074,-0.348294,0.384106
2.19228674,-0.274083,0.312237
2.208953407,-0.165222,0.202758
2.225620074,-0.046575,0.078466
2.24228674,0.084024,-0.07275
2.258953407,0.208474,-0.212194
2.275620074,0.314058,-0.320251
2.29228674,0.376687,-0.405578
2.308953407,0.400555,-0.433095
2.325620074,0.387529,-0.422125
2.34228674,0.339473,-0.370252
2.358953407,0.248655,-0.263199
2.375620074,0.141846,-0.139282
2.39228674,0.028704,0.001227
2.408953407,-0.088076,0.144082
2.425620074,-0.192562,0.265763
2.44228674,-0.266778,0.362958
2.458953407,-0.30641,0.421034
2.475620074,-0.297852,0.426548
2.49228674,-0.255962,0.394784
2.508953407,-0.170266,0.314175
2.525620074,-0.065538,0.205673
2.54228674,0.057457,0.07154
2.558953407,0.175885,-0.066765
2.575620074,0.291598,-0.198332
2.59228674,0.368426,-0.2845
2.608953407,0.407114,-0.375944
2.625620074,0.408542,-0.426932
2.64228674,0.367424,-0.420386
2.658953407,0.297861,-0.380867
2.675620074,0.173635,-0.283131
2.69228674,0.01878,-0.150466
2.708953407,-0.13514,-0.017464
2.725620074,-0.284511,0.118722
2.74228674,-0.418829,0.238384
2.758953407,-0.511936,0.330461
2.775620074,-0.557148,0.389888
2.79228674,-0.556664,0.3993
2.808953407,-0.503545,0.363127
2.825620074,-0.41567,0.307044
2.84228674,-0.288514,0.208968
2.858953407,-0.108814,0.067421
2.875620074,0.060202,-0.065096
2.89228674,0.224438,-0.195842
2.908953407,0.35965,-0.29514
2.925620074,0.458778,-0.368062
2.94228674,0.521774,-0.410095
2.958953407,0.53292,-0.405242
2.975620074,0.49705,-0.356603
2.99228674,0.409124,-0.259096
3.008953407,0.299053,-0.137261
3.025620074,0.163118,-0.001573
3.04228674,0.020756,0.12792
3.058953407,-0.113662,0.240484
3.075620074,-0.231912,0.339088
3.09228674,-0.316171,0.400347
3.108953407,-0.347455,0.403714
3.125620074,-0.346883,0.374571
3.14228674,-0.31338,0.311138
3.158953407,-0.231702,0.194528
3.175620074,-0.127715,0.065669
3.19228674,-0.019385,-0.062635
3.208953407,0.09416,-0.19747
3.225620074,0.19205,-0.310472
3.24228674,0.254504,-0.381744
3.258953407,0.283454,-0.41936
3.275620074,0.277771,-0.415124
3.29228674,0.229896,-0.366147
3.308953407,0.141664,-0.274408
3.325620074,0.03342,-0.158458
3.34228674,-0.08797,-0.024579
3.358953407,-0.214286,0.116035
3.375620074,-0.32996,0.243687
3.39228674,-0.42148,0.341576
3.408953407,-0.47125,0.401519
3.425620074,-0.478636,0.42656
3.44228674,-0.451461,0.408467
3.458953407,-0.378847,0.340904
3.475620074,-0.276698,0.242064
3.49228674,-0.166043,0.132876
3.508953407,-0.026874,-0.002748
3.525620074,0.126374,-0.152444
3.54228674,0.2659,-0.283694
3.558953407,0.357119,-0.386998
3.575620074,0.408954,-0.436612
3.59228674,0.422611,-0.438645
3.608953407,0.404309,-0.406485
3.625620074,0.338746,-0.334694
3.64228674,0.228784,-0.21306
3.658953407,0.114468,-0.07683
3.675620074,-0.006918,0.06316
3.69228674,-0.123406,0.192832
3.708953407,-0.222054,0.294544
3.725620074,-0.285714,0.367533
3.74228674,-0.304643,0.401033
3.758953407,-0.294961,0.40033
3.775620074,-0.232778,0.34084
3.79228674,-0.143062,0.248984
3.808953407,-0.03436,0.139758
3.825620074,0.083435,0.017812
3.84228674,0.20061,-0.107852
3.858953407,0.30549,-0.227587
3.875620074,0.376436,-0.3123
3.89228674,0.401434,-0.361736
3.908953407,0.395243,-0.386517
3.925620074,0.348565,-0.364534
3.94228674,0.253383,-0.28003
3.958953407,0.129696,-0.18288
3.975620074,0.000165,-0.080143
3.99228674,-0.145954,0.054179
4.008953407,-0.281552,0.167986
4.025620074,-0.397934,0.265922
4.04228674,-0.47917,0.33
4.058953407,-0.522773,0.365423
4.075620074,-0.519597,0.356072
4.09228674,-0.466608,0.293376
4.108953407,-0.377279,0.195712
4.125620074,-0.270294,0.093818
4.14228674,-0.140066,-0.031733
4.158953407,-0.021212,-0.142258
4.175620074,0.107256,-0.251305
4.19228674,0.203498,-0.324712
4.208953407,0.266516,-0.35896
4.225620074,0.294789,-0.359811
4.24228674,0.287154,-0.320334
4.258953407,0.238202,-0.244003
4.275620074,0.160893,-0.134911
4.29228674,0.063332,-0.008586
4.308953407,-0.043944,0.121274
4.325620074,-0.137873,0.225991
4.34228674,-0.204676,0.294987
4.358953407,-0.260289,0.354161
4.375620074,-0.271945,0.365332
4.39228674,-0.260873,0.345974
4.408953407,-0.213926,0.28308
4.425620074,-0.140818,0.184752
4.44228674,-0.048568,0.070772
4.458953407,0.05448,-0.065528
4.475620074,0.14657,-0.184651
4.49228674,0.217063,-0.275013
4.508953407,0.264386,-0.349672
4.525620074,0.277284,-0.381766
4.54228674,0.262968,-0.374672
4.558953407,0.204298,-0.32367
4.575620074,0.127589,-0.248428
4.59228674,0.00258,-0.115468
4.608953407,-0.103244,0.000751
4.625620074,-0.22015,0.130748
4.64228674,-0.319914,0.250772
4.658953407,-0.388202,0.341316
4.675620074,-0.423449,0.395868
4.69228674,-0.423767,0.418804
4.708953407,-0.37676,0.38791
4.725620074,-0.294974,0.313424
4.74228674,-0.185732,0.209936
4.758953407,-0.064133,0.090532
4.775620074,0.05649,-0.04077
4.79228674,0.184482,-0.182153
4.808953407,0.276638,-0.295586
4.825620074,0.340595,-0.378282
4.84228674,0.360722,-0.411878
4.858953407,0.343977,-0.413457
4.875620074,0.28459,-0.36469
4.89228674,0.18157,-0.256848
4.908953407,0.064797,-0.158044
4.925620074,-0.073224,-0.025095
4.94228674,-0.206702,0.10975
4.958953407,-0.32759,0.233503
4.975620074,-0.422628,0.341666
4.99228674,-0.458752,0.393194
5.008953407,-0.462496,0.418831
5.025620074,-0.423979,0.40887
5.04228674,-0.330898,0.337338
5.058953407,-0.209679,0.244907
5.075620074,-0.058347,0.124376
5.09228674,0.105336,-0.020475
5.108953407,0.242508,-0.136473
5.125620074,0.393226,-0.268215
5.14228674,0.501445,-0.363765
5.158953407,0.551466,-0.393387
5.175620074,0.567177,-0.40325
5.19228674,0.5327,-0.36732
5.208953407,0.446006,-0.280983
5.225620074,0.337009,-0.176356
5.24228674,0.200002,-0.063854
5.258953407,0.037617,0.080826
5.275620074,-0.104362,0.194856
5.29228674,-0.230769,0.290776
5.308953407,-0.339114,0.36331
5.325620074,-0.397859,0.372633
5.34228674,-0.421786,0.347482
5.358953407,-0.4085,0.297002
5.375620074,-0.357954,0.202863
5.39228674,-0.281505,0.085713
5.408953407,-0.183339,-0.033481
5.425620074,-0.090196,-0.146026
5.44228674,-0.007446,-0.225236
5.458953407,0.061372,-0.309515
5.475620074,0.102477,-0.352512
5.49228674,0.111976,-0.345798
5.508953407,0.095902,-0.290233
5.525620074,0.053326,-0.226575
5.54228674,-0.023442,-0.11176
5.558953407,-0.096762,0.017031
5.575620074,-0.163532,0.125714
5.59228674,-0.227549,0.248486
5.608953407,-0.259915,0.326326
5.625620074,-0.263528,0.370868
5.64228674,-0.236889,0.383586
5.658953407,-0.176686,0.355104
5.675620074,-0.07626,0.27657
5.69228674,0.037471,0.182675
5.708953407,0.167826,0.053756
5.725620074,0.29265,-0.074193
5.74228674,0.399933,-0.190056
5.758953407,0.488956,-0.30776
5.775620074,0.538082,-0.385526
5.79228674,0.539011,-0.413427
5.808953407,0.498724,-0.404314
5.825620074,0.402508,-0.335655
5.84228674,0.29123,-0.260254
5.858953407,0.135582,-0.154138
5.875620074,-0.039788,-0.010032
5.89228674,-0.198554,0.125952
5.908953407,-0.35226,0.256717
5.925620074,-0.47373,0.358743
5.94228674,-0.562428,0.428195
5.958953407,-0.598634,0.449324
5.975620074,-0.58652,0.425732
5.99228674,-0.522632,0.357296
6.008953407,-0.415852,0.242705
6.025620074,-0.294953,0.123588
6.04228674,-0.15229,-0.018431
6.058953407,-0.015971,-0.156339
6.075620074,0.106818,-0.268825
6.09228674,0.219408,-0.3728
6.108953407,0.280852,-0.423748
6.125620074,0.301652,-0.427658
6.14228674,0.284108,-0.400922
6.158953407,0.218594,-0.313631
6.175620074,0.121098,-0.183666
6.19228674,0.008667,-0.077194
6.208953407,-0.104718,0.05407
6.225620074,-0.21247,0.197922
6.24228674,-0.298445,0.301817
6.258953407,-0.359853,0.378561
6.275620074,-0.371433,0.402625
6.29228674,-0.353416,0.408035
6.308953407,-0.278573,0.360691
6.325620074,-0.173093,0.263082
6.34228674,-0.051946,0.149172
6.358953407,0.095634,0.016412
6.375620074,0.239888,-0.109743
6.39228674,0.363142,-0.227752
6.408953407,0.467502,-0.323731
6.425620074,0.527841,-0.373259
6.44228674,0.546347,-0.385447
6.458953407,0.522818,-0.358192
6.475620074,0.454538,-0.290916
6.49228674,0.348888,-0.18879
6.508953407,0.223242,-0.07892
6.525620074,0.080706,0.053684
6.54228674,-0.054829,0.173359
6.558953407,-0.180894,0.266772
6.575620074,-0.289476,0.34168
6.59228674,-0.358298,0.409808
6.608953407,-0.387844,0.391566
6.625620074,-0.387542,0.35434
6.64228674,-0.349451,0.28001
6.658953407,-0.281628,0.172665
6.675620074,-0.197224,0.036816
6.69228674,-0.115455,-0.081998
6.708953407,-0.041726,-0.179406
6.725620074,0.018612,-0.254638
6.74228674,0.050384,-0.317295
6.758953407,0.051274,-0.33899
6.775620074,0.013676,-0.307698
6.79228674,-0.051264,-0.24361
6.808953407,-0.140228,-0.151935
6.825620074,-0.230553,-0.056351
6.84228674,-0.329653,0.072143
6.858953407,-0.401668,0.171149
6.875620074,-0.46375,0.257122
6.89228674,-0.49698,0.322282
6.908953407,-0.484113,0.343827
6.925620074,-0.432176,0.331519
6.94228674,-0.34237,0.276898
6.958953407,-0.228628,0.194855
6.975620074,-0.111692,0.112389
6.99228674,0.028048,-0.000589
7.008953407,0.20047,-0.152876
7.025620074,0.32521,-0.252797
7.04228674,0.417342,-0.321008
7.058953407,0.469606,-0.379336
7.075620074,0.482165,-0.384653
7.09228674,0.450392,-0.350168
7.108953407,0.373968,-0.27252
7.125620074,0.273887,-0.159978
7.14228674,0.152202,-0.054992
7.158953407,0.017983,0.069948
7.175620074,-0.111701,0.198689
7.19228674,-0.222243,0.303632
7.208953407,-0.305814,0.376274
7.225620074,-0.346958,0.405108
7.24228674,-0.349953,0.393803
7.258953407,-0.317958,0.358408
7.275620074,-0.246386,0.277721
7.29228674,-0.139626,0.144953
7.308953407,-0.029464,0.026028
7.325620074,0.087788,-0.104898
7.34228674,0.184321,-0.221201
7.358953407,0.260066,-0.2999
7.375620074,0.306581,-0.356374
7.39228674,0.315904,-0.387052
7.408953407,0.289996,-0.370776
7.425620074,0.22197,-0.309906
7.44228674,0.117009,-0.197585
7.458953407,-0.010935,-0.082252
7.475620074,-0.133548,0.03457
7.49228674,-0.238812,0.133512
7.508953407,-0.347108,0.236211
7.525620074,-0.430415,0.316606
7.54228674,-0.466036,0.348501
7.558953407,-0.467113,0.352736
7.575620074,-0.434562,0.327686
7.59228674,-0.346956,0.246461
7.608953407,-0.247205,0.153949
7.625620074,-0.12416,0.047934
7.64228674,0.037924,-0.095146
7.658953407,0.17282,-0.212668
7.675620074,0.293294,-0.306035
7.69228674,0.38455,-0.3458
7.708953407,0.434064,-0.35175
7.725620074,0.45794,-0.338285
7.74228674,0.451253,-0.315733
7.758953407,0.401598,-0.228246
7.775620074,0.32981,-0.108013
7.79228674,0.244888,0.001931
7.808953407,0.155634,0.110455
7.825620074,0.081498,0.210281
7.84228674,0.018636,0.280202
7.858953407,-0.027826,0.336722
7.875620074,-0.038662,0.334646
7.89228674,-0.039497,0.29356
7.908953407,-0.01422,0.23738
7.925620074,0.037474,0.14256
7.94228674,0.090235,0.030769
7.958953407,0.142134,-0.059055
7.975620074,0.173613,-0.158397
7.99228674,0.190316,-0.236426
8.008953407,0.186188,-0.281692
8.025620074,0.144584,-0.305198
8.04228674,0.069142,-0.257246
8.058953407,-0.030501,-0.18644
8.075620074,-0.142862,-0.109242
8.09228674,-0.26504,-0.014744
8.108953407,-0.380737,0.091522
8.125620074,-0.491686,0.194574
8.14228674,-0.565238,0.273885
8.158953407,-0.602227,0.338173
8.175620074,-0.601241,0.345904
8.19228674,-0.55891,0.328316
8.208953407,-0.468486,0.263202
8.225620074,-0.353742,0.177157
8.24228674,-0.219803,0.077712
8.258953407,-0.06856,-0.045905
8.275620074,0.075371,-0.160769
8.29228674,0.206013,-0.271114
8.308953407,0.317448,-0.360092
8.325620074,0.376613,-0.410428
8.34228674,0.39683,-0.393896
8.358953407,0.384896,-0.358845
8.375620074,0.333168,-0.285864
8.39228674,0.247561,-0.18067
8.408953407,0.143612,-0.05945
8.425620074,0.037588,0.062444
8.44228674,-0.067196,0.178612
8.458953407,-0.140038,0.269576
8.475620074,-0.190332,0.345696
8.49228674,-0.202204,0.374467
8.508953407,-0.18392,0.367362
8.525620074,-0.119861,0.318948
8.54228674,-0.029403,0.23948
8.558953407,0.079781,0.132688
8.575620074,0.203644,0.006339
8.59228674,0.318826,-0.111406
8.608953407,0.414597,-0.214235
8.625620074,0.48333,-0.302738
8.64228674,0.513994,-0.36717
8.658953407,0.504719,-0.376802
8.675620074,0.435356,-0.326698
8.69228674,0.330602,-0.25395
8.708953407,0.205981,-0.17613
8.725620074,0.052168,-0.06578
8.74228674,-0.103329,0.050784
8.758953407,-0.262841,0.178804
8.775620074,-0.401205,0.281995
8.79228674,-0.507853,0.360417
8.808953407,-0.577822,0.403156
8.825620074,-0.590735,0.38932
8.84228674,-0.569418,0.347326
8.858953407,-0.495691,0.267652
8.875620074,-0.396289,0.167251
8.89228674,-0.267556,0.042452
8.908953407,-0.132256,-0.082364
8.925620074,0.001848,-0.198918
8.94228674,0.127277,-0.297074
8.958953407,0.221633,-0.366852
8.975620074,0.282482,-0.386933
8.99228674,0.305747,-0.36457
9.008953407,0.299139,-0.329747
9.025620074,0.253511,-0.235893
9.04228674,0.178742,-0.11629
9.058953407,0.101448,-0.009604
9.075620074,0.019166,0.096896
9.09228674,-0.061187,0.208032
9.108953407,-0.117862,0.27855
9.125620074,-0.157726,0.323298
9.14228674,-0.162428,0.328718
9.158953407,-0.144247,0.307793
9.175620074,-0.098186,0.253128
9.19228674,-0.025754,0.16303
9.208953407,0.057612,0.054294
9.225620074,0.136317,-0.042493
9.24228674,0.205822,-0.130773
9.258953407,0.263974,-0.221152
9.275620074,0.294551,-0.283364
9.29228674,0.29754,-0.306032
9.308953407,0.265246,-0.28117
9.325620074,0.203715,-0.230446
9.34228674,0.120134,-0.153336
9.358953407,0.016708,-0.066835
9.375620074,-0.084814,0.037938
9.39228674,-0.181658,0.13486
9.408953407,-0.262924,0.215626
9.425620074,-0.32263,0.278188
9.44228674,-0.34515,0.307756
9.458953407,-0.342838,0.305024
9.475620074,-0.313932,0.276035
9.49228674,-0.246344,0.206528
9.508953407,-0.15922,0.112145
9.525620074,-0.065437,0.00594
9.54228674,0.03213,-0.104879
9.558953407,0.116227,-0.198797
9.575620074,0.171918,-0.266806
9.59228674,0.210183,-0.307101
9.608953407,0.220344,-0.337112
9.625620074,0.1957,-0.318052
9.64228674,0.138271,-0.262937
9.658953407,0.060204,-0.184753
9.675620074,-0.039526,-0.071941
9.69228674,-0.125389,0.031256
9.708953407,-0.20651,0.129778
9.725620074,-0.275732,0.22801
9.74228674,-0.301227,0.2901
9.758953407,-0.298672,0.324169
9.775620074,-0.255954,0.320183
9.79228674,-0.173216,0.2742
9.808953407,-0.060756,0.20223
9.825620074,0.074472,0.107254
9.84228674,0.223983,-0.006898
9.858953407,0.366919,-0.122653
9.875620074,0.497738,-0.232448
9.89228674,0.606872,-0.312581
9.908953407,0.662124,-0.35925
9.925620074,0.681607,-0.384234
9.94228674,0.662208,-0.368248
9.958953407,0.59794,-0.31691
9.975620074,0.5016,-0.230127
9.99228674,0.345062,-0.09618
10.008953407,0.17505,0.034075
10.025620074,0.009324,0.163509
10.04228674,-0.099415,0.233071
10.058953407,-0.226421,0.302412
10.075620074,-0.356687,0.385816
10.09228674,-0.412667,0.393618
10.108953407,-0.423764,0.360729
10.125620074,-0.40242,0.301724
10.14228674,-0.339968,0.202788
10.158953407,-0.248475,0.083202
10.175620074,-0.144656,-0.036539
10.19228674,-0.036338,-0.153157
10.208953407,0.060946,-0.250876
10.225620074,0.139554,-0.312568
10.24228674,0.190418,-0.344714
10.258953407,0.213226,-0.350476
10.275620074,0.21328,-0.317674
10.29228674,0.1867,-0.246774
10.308953407,0.124963,-0.164537
10.325620074,0.049702,-0.046253
10.34228674,-0.031029,0.077498
10.358953407,-0.09974,0.170635
10.375620074,-0.154157,0.239922
10.39228674,-0.188778,0.284592
10.408953407,-0.205964,0.306647
10.425620074,-0.205292,0.303002
10.44228674,-0.17353,0.260682
10.458953407,-0.126968,0.194515
10.475620074,-0.06062,0.10277
10.49228674,0.00882,-0.008313
10.508953407,0.067312,-0.10973
10.525620074,0.113134,-0.181914
10.54228674,0.132519,-0.229451
10.558953407,0.129307,-0.255038
10.575620074,0.10695,-0.252768
10.59228674,0.058832,-0.220782
10.608953407,-0.012176,-0.145838
10.625620074,-0.087958,-0.081507
10.64228674,-0.168338,0.011238
10.658953407,-0.241976,0.106018
10.675620074,-0.305146,0.193808
10.69228674,-0.337173,0.249927
10.708953407,-0.342488,0.280099
10.725620074,-0.320244,0.287384
10.74228674,-0.25837,0.257414
10.758953407,-0.175328,0.200728
10.775620074,-0.077074,0.121634
10.79228674,0.023717,0.037949
10.808953407,0.137322,-0.068713
10.825620074,0.22908,-0.158634
10.84228674,0.289167,-0.219716
10.858953407,0.317806,-0.259453
10.875620074,0.321528,-0.291584
10.89228674,0.286375,-0.278988
10.908953407,0.217606,-0.226257
10.925620074,0.104494,-0.141998
10.94228674,-0.025194,-0.044502
10.958953407,-0.149095,0.059463
10.975620074,-0.256586,0.146084
10.99228674,-0.373262,0.248367
11.008953407,-0.443148,0.301438
11.025620074,-0.486734,0.339875
11.04228674,-0.486414,0.340123
11.058953407,-0.452695,0.310747
11.075620074,-0.36985,0.234927
11.09228674,-0.248545,0.126315
11.108953407,-0.122344,0.022172
11.125620074,0.016258,-0.091752
11.14228674,0.142834,-0.201824
11.158953407,0.254548,-0.286871
11.175620074,0.330964,-0.322454
11.19228674,0.368306,-0.34093
11.208953407,0.371828,-0.322067
11.225620074,0.339052,-0.28167
11.24228674,0.268505,-0.201543
11.258953407,0.167538,-0.09457
11.275620074,0.048848,0.023261
11.29228674,-0.077118,0.140148
11.308953407,-0.195503,0.245081
11.325620074,-0.294463,0.317697
11.34228674,-0.362985,0.361213
11.358953407,-0.393686,0.36067
11.375620074,-0.395168,0.334012
11.39228674,-0.361622,0.280336
11.408953407,-0.293815,0.195064
11.425620074,-0.196457,0.084692
11.44228674,-0.086704,-0.033852
11.458953407,0.027088,-0.153824
11.475620074,0.134468,-0.25582
11.49228674,0.223512,-0.313812
11.508953407,0.282974,-0.350969
11.525620074,0.30827,-0.353365
11.54228674,0.309286,-0.32931
11.558953407,0.290072,-0.254174
11.575620074,0.242562,-0.151581
11.59228674,0.175215,-0.064554
11.608953407,0.103924,0.043355
11.625620074,0.029242,0.15695
11.64228674,-0.035139,0.241834
11.658953407,-0.078958,0.29615
11.675620074,-0.097476,0.316264
11.69228674,-0.089168,0.30886
11.708953407,-0.060196,0.26963
11.725620074,-0.01375,0.198349
11.74228674,0.04541,0.108183
11.758953407,0.10997,0.001982
11.775620074,0.170546,-0.089712
11.79228674,0.218708,-0.171642
11.808953407,0.244368,-0.234882
11.825620074,0.246698,-0.278186
11.84228674,0.230664,-0.27977
11.858953407,0.189348,-0.254028
11.875620074,0.130472,-0.213774
11.89228674,0.055002,-0.155672
11.908953407,-0.043356,-0.062108
11.925620074,-0.140368,0.036529
11.94228674,-0.220716,0.123071
11.958953407,-0.276608,0.191384
11.975620074,-0.315324,0.243538
11.99228674,-0.315256,0.263008
12.008953407,-0.290006,0.253969
12.025620074,-0.232894,0.212252
12.04228674,-0.154448,0.150268
12.058953407,-0.074806,0.087532
12.075620074,0.017205,0.002051
12.09228674,0.125298,-0.100951
12.108953407,0.207656,-0.181902
12.125620074,0.263441,-0.236757
12.14228674,0.29,-0.266929
12.158953407,0.285236,-0.271944
12.175620074,0.245652,-0.233294
12.19228674,0.168166,-0.17391
12.208953407,0.084433,-0.103345
12.225620074,-0.016883,-0.016753
12.24228674,-0.1234,0.084202
12.258953407,-0.217404,0.175884
12.275620074,-0.286312,0.238286
12.29228674,-0.339846,0.285944
12.308953407,-0.351275,0.296832
12.325620074,-0.335282,0.278164
12.34228674,-0.280624,0.224541
12.358953407,-0.20028,0.145874
12.375620074,-0.100706,0.050952
12.39228674,0.004565,-0.045729
12.408953407,0.098043,-0.13177
12.425620074,0.196618,-0.217875
12.44228674,0.267266,-0.2731
12.458953407,0.307784,-0.298367
12.475620074,0.323167,-0.302696
12.49228674,0.302706,-0.268558
12.508953407,0.24336,-0.192337
12.525620074,0.170556,-0.114602
12.54228674,0.07201,-0.014723
12.558953407,-0.045827,0.098098
12.575620074,-0.14724,0.185912
12.59228674,-0.224882,0.245313
12.608953407,-0.298087,0.289385
12.625620074,-0.347076,0.309348
12.64228674,-0.364792,0.298816
12.658953407,-0.353342,0.258499
12.675620074,-0.316966,0.186341
12.69228674,-0.246932,0.090463
12.708953407,-0.175683,-0.006094
12.725620074,-0.097397,-0.10148
12.74228674,-0.02199,-0.18256
12.758953407,0.038712,-0.232812
12.775620074,0.087714,-0.277425
12.79228674,0.107218,-0.286794
12.808953407,0.107506,-0.267202
12.825620074,0.086047,-0.220783
12.84228674,0.034835,-0.131992
12.858953407,-0.013951,-0.049805
12.875620074,-0.072596,0.05267
12.89228674,-0.117966,0.150902
12.908953407,-0.145711,0.220596
12.925620074,-0.157045,0.258049
12.94228674,-0.155786,0.28434
12.958953407,-0.12596,0.27676
12.975620074,-0.071628,0.232522
12.99228674,-0.001986,0.165728
13.008953407,0.086516,0.0768
13.025620074,0.165734,-0.015376
13.04228674,0.233133,-0.111056
13.058953407,0.28352,-0.183218
13.075620074,0.306012,-0.228413
13.09228674,0.301305,-0.254115
13.108953407,0.270692,-0.270558
13.125620074,0.211079,-0.238156
13.14228674,0.133104,-0.187538
13.158953407,0.019707,-0.107363
13.175620074,-0.09484,-0.013499
13.19228674,-0.205706,0.078348
13.208953407,-0.304354,0.164246
13.225620074,-0.380602,0.23173
13.24228674,-0.41508,0.261153
13.258953407,-0.424076,0.270124
13.275620074,-0.400432,0.252853
13.29228674,-0.339333,0.203439
13.308953407,-0.248331,0.134253
13.325620074,-0.1428,0.051964
13.34228674,-0.032673,-0.040825
13.358953407,0.079834,-0.134956
13.375620074,0.189208,-0.216953
13.39228674,0.270202,-0.268496
13.408953407,0.31668,-0.279734
13.425620074,0.344132,-0.270818
13.44228674,0.330006,-0.2356
13.458953407,0.295118,-0.184729
13.475620074,0.229885,-0.120276
13.49228674,0.15651,-0.03839
13.508953407,0.068562,0.060658
13.525620074,-0.017746,0.155277
13.54228674,-0.082604,0.219773
13.558953407,-0.133416,0.265076
13.575620074,-0.146552,0.272058
13.59228674,-0.141882,0.262942
13.608953407,-0.113655,0.220311
13.625620074,-0.055818,0.150129
13.64228674,0.018146,0.068864
13.658953407,0.104268,-0.025372
13.675620074,0.18534,-0.115916
13.69228674,0.25055,-0.189724
13.708953407,0.302547,-0.248292
13.725620074,0.324567,-0.270909
13.74228674,0.325945,-0.272925
13.758953407,0.300404,-0.246862
13.775620074,0.245658,-0.190943
13.79228674,0.181824,-0.120494
13.808953407,0.094431,-0.030162
13.825620074,-0.015385,0.081152
13.84228674,-0.099492,0.166511
13.858953407,-0.161445,0.22585
13.875620074,-0.210959,0.269611
13.89228674,-0.232546,0.28077
13.908953407,-0.232162,0.263478
13.925620074,-0.205888,0.219106
13.94228674,-0.15668,0.147534
13.958953407,-0.100326,0.064325
13.975620074,-0.031311,-0.033552
13.99228674,0.032665,-0.116815
14.008953407,0.09375,-0.195556
14.025620074,0.128321,-0.249976
14.04228674,0.150002,-0.286306
14.058953407,0.146101,-0.28834
14.075620074,0.112541,-0.255837
14.09228674,0.064157,-0.201084
14.108953407,0.006496,-0.122794
14.125620074,-0.060898,-0.027271
14.14228674,-0.116541,0.052516
14.158953407,-0.158704,0.13526
14.175620074,-0.183716,0.212015
14.19228674,-0.181647,0.256713
14.208953407,-0.158525,0.279892
14.225620074,-0.086568,0.259372
14.24228674,0.00288,0.214128
14.258953407,0.11596,0.142997
14.275620074,0.233264,0.065413
14.29228674,0.361044,-0.030093
14.308953407,0.471583,-0.113109
14.325620074,0.559866,-0.177011
14.34228674,0.617132,-0.231482
14.358953407,0.633952,-0.253524
14.375620074,0.621363,-0.270895
14.39228674,0.566644,-0.244448
14.408953407,0.469982,-0.190606
14.425620074,0.34653,-0.114987
14.44228674,0.212278,-0.028725
14.458953407,0.064801,0.059571
14.475620074,-0.08551,0.159716
14.49228674,-0.201461,0.219994
14.508953407,-0.30798,0.265206
14.525620074,-0.385524,0.290374
14.54228674,-0.423506,0.275368
14.558953407,-0.427121,0.237412
14.575620074,-0.401385,0.182608
14.59228674,-0.342726,0.106134
14.608953407,-0.265377,0.01457
14.625620074,-0.182546,-0.076312
14.64228674,-0.1052,-0.150486
14.658953407,-0.033276,-0.203191
14.675620074,0.024177,-0.244613
14.69228674,0.054298,-0.250603
14.708953407,0.061993,-0.240532
14.725620074,0.045435,-0.212669
14.74228674,0.001281,-0.131762
14.758953407,-0.05878,-0.040062
14.775620074,-0.117761,0.048282
14.79228674,-0.17679,0.13069
14.808953407,-0.224327,0.193837
14.825620074,-0.254498,0.242347
14.84228674,-0.264635,0.271112
14.858953407,-0.252786,0.265959
14.875620074,-0.212942,0.227509
14.89228674,-0.152,0.169941
14.908953407,-0.073376,0.091948
14.925620074,0.01755,0.003009
14.94228674,0.103446,-0.085796
14.958953407,0.18085,-0.166414
14.975620074,0.242598,-0.225794
14.99228674,0.284064,-0.251516
15.008953407,0.300331,-0.269502
15.025620074,0.299594,-0.255225
15.04228674,0.269116,-0.211624
15.058953407,0.200153,-0.127498
15.075620074,0.126147,-0.04145
15.09228674,0.047929,0.045525
15.108953407,-0.0304,0.135696
15.125620074,-0.087684,0.203088
15.14228674,-0.13025,0.252262
15.158953407,-0.144172,0.267634
15.175620074,-0.143168,0.266948
15.19228674,-0.124721,0.241267
15.208953407,-0.070536,0.176765
15.225620074,-0.007551,0.100854
15.24228674,0.058036,0.017523
15.258953407,0.12465,-0.071895
15.275620074,0.176412,-0.156659
15.29228674,0.206681,-0.21552
15.308953407,0.220014,-0.25812
15.325620074,0.209582,-0.27102
15.34228674,0.16933,-0.250134
15.358953407,0.104025,-0.196796
15.375620074,0.020548,-0.143849
15.39228674,-0.078656,-0.052504
15.408953407,-0.161598,0.028997
15.425620074,-0.246408,0.116516
15.44228674,-0.304095,0.183508
15.458953407,-0.340266,0.238703
15.475620074,-0.343171,0.25905
15.49228674,-0.322202,0.257016
15.508953407,-0.265434,0.228175
15.525620074,-0.18121,0.175578
15.54228674,-0.076436,0.101854
15.558953407,0.03844,0.015226
15.575620074,0.151082,-0.072942
15.59228674,0.254052,-0.159682
15.608953407,0.337206,-0.22613
15.625620074,0.386307,-0.251889
15.64228674,0.413766,-0.279275
15.658953407,0.415171,-0.268635
15.675620074,0.38795,-0.233262
15.69228674,0.322603,-0.165773
15.708953407,0.237881,-0.082184
15.725620074,0.143621,0.008354
15.74228674,0.0361,0.105366
15.758953407,-0.047712,0.175548
15.775620074,-0.112275,0.222131
15.79228674,-0.14749,0.243551
15.808953407,-0.168958,0.248686
15.825620074,-0.169243,0.231006
15.84228674,-0.14326,0.18582
15.858953407,-0.091152,0.118938
15.875620074,-0.018022,0.019559
15.89228674,0.05584,-0.073494
15.908953407,0.123426,-0.154206
15.925620074,0.177182,-0.218324
15.94228674,0.207806,-0.243464
15.958953407,0.226695,-0.26255
15.975620074,0.220672,-0.253346
15.99228674,0.192444,-0.218476
16.008953407,0.135204,-0.16199
16.025620074,0.077,-0.089816
16.04228674,-0.00211,0.010576
16.058953407,-0.069724,0.097736
16.075620074,-0.118741,0.161642
16.09228674,-0.1634,0.219014
16.108953407,-0.173729,0.235782
16.125620074,-0.168757,0.240189
16.14228674,-0.141449,0.218862
16.158953407,-0.078868,0.162925
16.175620074,-0.004416,0.09422
16.19228674,0.08079,0.011307
16.208953407,0.163579,-0.072166
16.225620074,0.240211,-0.14852
16.24228674,0.30251,-0.211325
16.258953407,0.336742,-0.235032
16.275620074,0.351078,-0.248772
16.29228674,0.342107,-0.23771
16.308953407,0.304367,-0.198623
16.325620074,0.251442,-0.142308
16.34228674,0.187493,-0.084312
16.358953407,0.118224,-0.008698
16.375620074,0.031914,0.084866
16.39228674,-0.039536,0.162034
16.408953407,-0.090878,0.216976
16.425620074,-0.112766,0.244274
16.44228674,-0.107697,0.239972
16.458953407,-0.08308,0.214648
16.475620074,-0.039458,0.16804
16.49228674,0.028284,0.089717
16.508953407,0.102649,0.003364
16.525620074,0.173905,-0.079969
16.54228674,0.237205,-0.155695
16.558953407,0.280795,-0.211524
16.575620074,0.300234,-0.253184
16.59228674,0.299288,-0.267285
16.608953407,0.262832,-0.25736
16.625620074,0.189104,-0.211195
16.64228674,0.09935,-0.140822
16.658953407,-0.003314,-0.068248
16.675620074,-0.115466,0.030312
16.69228674,-0.206742,0.10765
16.708953407,-0.294179,0.179552
16.725620074,-0.359792,0.22822
16.74228674,-0.400378,0.255128
16.758953407,-0.409599,0.255772
16.775620074,-0.388552,0.226579
16.79228674,-0.332984,0.1662
16.808953407,-0.255482,0.088789
16.825620074,-0.162984,0.002101
16.84228674,-0.070414,-0.082325
16.858953407,0.031597,-0.169072
16.875620074,0.116065,-0.230816
16.89228674,0.180312,-0.260815
16.908953407,0.221965,-0.281546
16.925620074,0.237526,-0.270392
16.94228674,0.233616,-0.236602
16.958953407,0.204222,-0.16381
16.975620074,0.159993,-0.081115
16.99228674,0.107152,-0.001594
17.008953407,0.052994,0.087548
17.025620074,0.008356,0.167435
17.04228674,-0.026159,0.224674
17.058953407,-0.037692,0.254795
17.075620074,-0.023271,0.254722
17.09228674,0.0048,0.23623
17.108953407,0.064395,0.178784
17.125620074,0.131347,0.110404
17.14228674,0.20306,0.027816
17.158953407,0.271396,-0.056383
17.175620074,0.325802,-0.137177
17.19228674,0.361158,-0.210107
17.208953407,0.37574,-0.251138
17.225620074,0.368366,-0.257444
17.24228674,0.327836,-0.24087
17.258953407,0.263144,-0.214536
17.275620074,0.166072,-0.161008
17.29228674,0.06933,-0.096024
17.308953407,-0.041643,-0.010168
17.325620074,-0.145746,0.074372
17.34228674,-0.237869,0.151818
17.358953407,-0.314632,0.213554
17.375620074,-0.360362,0.241783
17.39228674,-0.369376,0.24039
17.408953407,-0.35925,0.2252
17.425620074,-0.316315,0.177718
17.44228674,-0.253054,0.112379
17.458953407,-0.169236,0.02791
17.475620074,-0.084098,-0.053994
17.49228674,-0.006421,-0.123106
17.508953407,0.068622,-0.189178
17.525620074,0.124208,-0.233858
17.54228674,0.156546,-0.235334
17.558953407,0.16532,-0.228008
17.575620074,0.151194,-0.198152
17.59228674,0.12131,-0.153612
17.608953407,0.07372,-0.073554
17.625620074,0.018205,0.012803
17.64228674,-0.038333,0.094086
17.658953407,-0.075328,0.155148
17.675620074,-0.091445,0.194815
17.69228674,-0.095668,0.223084
17.708953407,-0.081984,0.228602
17.725620074,-0.036788,0.205926
17.74228674,0.02341,0.171459
17.758953407,0.119588,0.090572
17.775620074,0.21995,-0.001825
17.79228674,0.310182,-0.088794
17.808953407,0.387184,-0.161774
17.825620074,0.435144,-0.198644
17.84228674,0.461364,-0.228127
17.858953407,0.46624,-0.256613
17.875620074,0.436964,-0.241382
17.89228674,0.364777,-0.191905
17.908953407,0.271553,-0.126713
17.925620074,0.185732,-0.070914
17.94228674,0.085657,0.005965
17.958953407,-0.045714,0.107408
17.975620074,-0.15621,0.179028
17.99228674,-0.253202,0.238326
18.008953407,-0.329529,0.274544
18.025620074,-0.364188,0.272219
18.04228674,-0.368113,0.238122
18.058953407,-0.35018,0.185023
18.075620074,-0.296224,0.101592
18.09228674,-0.226055,0.014828
18.108953407,-0.150294,-0.073958
18.125620074,-0.085508,-0.145182
18.14228674,-0.025386,-0.208766
18.158953407,0.026346,-0.248622
18.175620074,0.05397,-0.26713
18.19228674,0.061254,-0.256885
18.208953407,0.049142,-0.22749
18.225620074,0.008536,-0.167856
18.24228674,-0.036557,-0.076948
18.258953407,-0.085324,0.001323
18.275620074,-0.124346,0.098016
18.29228674,-0.16315,0.186229
18.308953407,-0.170998,0.236712
18.325620074,-0.16532,0.269456
18.34228674,-0.140377,0.284782
18.358953407,-0.080582,0.256425
18.375620074,-0.007442,0.208538
18.39228674,0.092691,0.127885
18.408953407,0.190418,0.039326
18.425620074,0.284892,-0.051008
18.44228674,0.364515,-0.131453
18.458953407,0.418416,-0.190384
18.475620074,0.445208,-0.232175
18.49228674,0.447726,-0.259123
18.508953407,0.418568,-0.258502
18.525620074,0.361121,-0.229569
18.54228674,0.271304,-0.166657
18.558953407,0.163753,-0.083998
18.575620074,0.046931,0.008002
18.59228674,-0.060866,0.089681
18.608953407,-0.167128,0.162481
18.625620074,-0.255624,0.219224
18.64228674,-0.30622,0.249274
18.658953407,-0.331561,0.259801
18.675620074,-0.328922,0.239192
18.69228674,-0.297408,0.200735
18.708953407,-0.239517,0.135391
18.725620074,-0.170678,0.056498
18.74228674,-0.08925,-0.030175
18.758953407,-0.020211,-0.107813
18.775620074,0.045776,-0.177476
18.79228674,0.089659,-0.222662
18.808953407,0.111044,-0.245494
18.825620074,0.10709,-0.2397
18.84228674,0.073326,-0.204659
18.858953407,0.010328,-0.142113
18.875620074,-0.070127,-0.058862
18.89228674,-0.147908,0.021315
18.908953407,-0.21555,0.093538
18.925620074,-0.280355,0.168576
18.94228674,-0.329854,0.222046
18.958953407,-0.357398,0.253339
18.975620074,-0.359588,0.258794
18.99228674,-0.333369,0.238756
19.008953407,-0.254835,0.176869
19.025620074,-0.162691,0.102005
19.04228674,-0.065328,0.019194
19.058953407,0.040627,-0.071826
19.075620074,0.124143,-0.138964
19.09228674,0.217838,-0.201956
19.108953407,0.298521,-0.248955
19.125620074,0.345402,-0.255275
19.14228674,0.360352,-0.249708
19.158953407,0.346111,-0.225224
19.175620074,0.298585,-0.154983
19.19228674,0.240696,-0.064647
19.208953407,0.171026,0.026551
19.225620074,0.100592,0.108832
19.24228674,0.030823,0.180178
19.258953407,-0.034474,0.242719
19.275620074,-0.084232,0.282339
19.29228674,-0.102026,0.275786
19.308953407,-0.107477,0.249144
19.325620074,-0.089032,0.194478
19.34228674,-0.053212,0.125349
19.358953407,-0.001681,0.020174
19.375620074,0.040586,-0.07984
19.39228674,0.076772,-0.152229
19.408953407,0.096608,-0.212891
19.425620074,0.104424,-0.2689
19.44228674,0.095008,-0.277933
19.458953407,0.057458,-0.25242
19.475620074,0.020462,-0.223316
19.49228674,-0.037431,-0.179367
19.508953407,-0.116084,-0.098002
19.525620074,-0.205946,-0.000405
19.54228674,-0.28245,0.096636
19.558953407,-0.328636,0.17169
19.575620074,-0.335714,0.2152
19.59228674,-0.325718,0.254556
19.608953407,-0.286716,0.261696
19.625620074,-0.230635,0.246233
19.64228674,-0.140296,0.19377
19.658953407,-0.034544,0.120604
19.675620074,0.090499,0.026394
19.69228674,0.219326,-0.06925
19.708953407,0.332226,-0.152945
19.725620074,0.41017,-0.2106
19.74228674,0.453656,-0.245635
19.758953407,0.474856,-0.264864
19.775620074,0.47419,-0.261326
19.79228674,0.44799,-0.23428
19.808953407,0.388588,-0.177306
19.825620074,0.305412,-0.102904
19.84228674,0.191516,-0.011934
19.858953407,0.0826,0.077581
19.875620074,-0.017957,0.155179
19.89228674,-0.077079,0.195097
19.908953407,-0.119418,0.213423
19.925620074,-0.138648,0.212189
19.94228674,-0.144655,0.20485
19.958953407,-0.1317,0.178668
19.975620074,-0.091659,0.122862
19.99228674,-0.023248,0.032882
20.008953407,0.05981,-0.062458
20.025620074,0.138989,-0.143498
20.04228674,0.194755,-0.199006
20.058953407,0.23298,-0.237227
20.075620074,0.241897,-0.230081
20.09228674,0.236983,-0.221299
20.108953407,0.219801,-0.190302
20.125620074,0.179899,-0.138183
20.14228674,0.123886,-0.06709
20.158953407,0.054561,0.017742
20.175620074,-0.0257,0.10515
20.19228674,-0.090608,0.177566
20.208953407,-0.135036,0.223127
20.225620074,-0.14207,0.23136
20.24228674,-0.136358,0.219984
20.258953407,-0.112913,0.190636
20.275620074,-0.072488,0.141831
20.29228674,-0.014789,0.071739
20.308953407,0.045463,-0.002422
20.325620074,0.116128,-0.086446
20.34228674,0.173538,-0.170637
20.358953407,0.227903,-0.227054
20.375620074,0.257443,-0.261792
20.39228674,0.255692,-0.274864
20.408953407,0.224118,-0.232848
20.425620074,0.16832,-0.18846
20.44228674,0.10419,-0.12895
20.458953407,0.03832,-0.049787
20.475620074,-0.035811,0.049286
20.49228674,-0.102004,0.13182
20.508953407,-0.170042,0.210578
20.525620074,-0.221006,0.266888
20.54228674,-0.240205,0.288812
20.558953407,-0.231068,0.284844
20.575620074,-0.17244,0.232516
20.59228674,-0.104277,0.172235
20.608953407,-0.023022,0.098994
20.625620074,0.046102,0.02582
20.64228674,0.102533,-0.052755
20.658953407,0.173219,-0.153227
20.675620074,0.236395,-0.224151
20.69228674,0.28249,-0.289033
20.708953407,0.285416,-0.296668
20.725620074,0.24147,-0.277292
20.74228674,0.160952,-0.208045
20.758953407,0.066378,-0.138474
20.775620074,-0.020057,-0.065101
20.79228674,-0.100502,0.011728
20.808953407,-0.173446,0.088455
20.825620074,-0.244749,0.167292
20.84228674,-0.318593,0.241097
20.858953407,-0.358978,0.28391
20.875620074,-0.344269,0.278738
20.89228674,-0.283464,0.243
20.908953407,-0.18128,0.171341
20.925620074,-0.083868,0.11397
20.94228674,0.01199,0.046988
20.958953407,0.09313,-0.022943
20.975620074,0.179772,-0.104408
20.99228674,0.27957,-0.17302
21.008953407,0.369128,-0.236386
21.025620074,0.41693,-0.273891
21.04228674,0.411004,-0.258085
21.058953407,0.353576,-0.20502
21.075620074,0.276205,-0.135375
21.09228674,0.196892,-0.064468
21.108953407,0.128644,-0.009785
21.125620074,0.051252,0.057264
21.14228674,-0.038378,0.131182
21.158953407,-0.139813,0.19843
21.175620074,-0.228098,0.23908
21.19228674,-0.274899,0.248078
21.208953407,-0.272214,0.21215
21.225620074,-0.237488,0.148252
21.24228674,-0.188666,0.0667
21.258953407,-0.152862,0.004707
21.275620074,-0.131466,-0.040312
21.29228674,-0.100966,-0.089823
21.308953407,-0.054805,-0.142187
21.325620074,0.00118,-0.196917
21.34228674,0.048796,-0.234542
21.358953407,0.055102,-0.22209
21.375620074,0.022306,-0.172494
21.39228674,-0.034836,-0.088868
21.408953407,-0.085419,-0.003433
21.425620074,-0.11811,0.052167
21.44228674,-0.130542,0.093356
21.458953407,-0.144575,0.140542
21.475620074,-0.161086,0.184114
21.49228674,-0.177122,0.214801
21.508953407,-0.17778,0.221923
21.525620074,-0.146377,0.195116
21.54228674,-0.077361,0.128309
21.558953407,0.006022,0.047476
21.575620074,0.092262,-0.035373
21.59228674,0.149596,-0.095166
21.608953407,0.17495,-0.129211
21.625620074,0.203032,-0.169922
21.64228674,0.224926,-0.189578
21.658953407,0.244411,-0.218351
21.675620074,0.243048,-0.209458
21.69228674,0.206449,-0.168467
21.708953407,0.140306,-0.090991
21.725620074,0.053734,0.009576
21.74228674,-0.02209,0.090458
21.758953407,-0.073299,0.147948
21.775620074,-0.090586,0.182425
21.79228674,-0.098376,0.20355
21.808953407,-0.10072,0.207324
21.825620074,-0.102714,0.211022
21.84228674,-0.08574,0.198748
21.858953407,-0.042286,0.152326
21.875620074,0.041298,0.058302
21.89228674,0.124042,-0.031284
21.908953407,0.189487,-0.105955
21.925620074,0.219118,-0.15004
21.94228674,0.220032,-0.197483
21.958953407,0.207541,-0.238909
21.975620074,0.186884,-0.229226
21.99228674,0.148244,-0.213684
22.008953407,0.079606,-0.190459
22.025620074,-0.025174,-0.133964
22.04228674,-0.130009,-0.03241
22.058953407,-0.226145,0.074563
22.075620074,-0.328656,0.165542
22.09228674,-0.390825,0.188935
22.108953407,-0.414858,0.214896
22.125620074,-0.406136,0.2571
22.14228674,-0.380584,0.251305
22.158953407,-0.347771,0.212612
22.175620074,-0.276616,0.154332
22.19228674,-0.160378,0.092604
22.208953407,-0.044542,0.029756
22.225620074,0.08194,-0.092278
22.24228674,0.201691,-0.204509
22.258953407,0.29134,-0.20902
22.275620074,0.335327,-0.208329
22.29228674,0.349238,-0.226856
22.308953407,0.344649,-0.237844
22.325620074,0.32665,-0.208232
22.34228674,0.282946,-0.121758
22.358953407,0.192844,-0.050461
22.375620074,0.08748,0.012362
22.39228674,-0.019542,0.117096
22.408953407,-0.109793,0.2132
22.425620074,-0.18173,0.263724
22.44228674,-0.227918,0.233533
22.458953407,-0.240784,0.212473
22.475620074,-0.239384,0.226194
22.49228674,-0.229644,0.182734
22.508953407,-0.20322,0.106988
22.525620074,-0.157869,0.03674
22.54228674,-0.083735,-0.040392
22.558953407,-0.018374,-0.113714
22.575620074,0.043388,-0.203874
22.59228674,0.08857,-0.259907
22.608953407,0.101188,-0.225243
22.625620074,0.094235,-0.180012
22.64228674,0.065426,-0.167282
22.658953407,0.042932,-0.130769
22.675620074,0.007854,-0.04844
22.69228674,-0.030257,0.035464
22.708953407,-0.087243,0.104752
22.725620074,-0.140315,0.168718
22.74228674,-0.170102,0.229062
22.758953407,-0.169179,0.250426
22.775620074,-0.14417,0.228686
22.79228674,-0.107972,0.190534
22.808953407,-0.05333,0.135892
22.825620074,-0.006402,0.088368
22.84228674,0.051962,0.014502
22.858953407,0.102152,-0.054473
22.875620074,0.157684,-0.132308
22.89228674,0.205141,-0.197793
22.908953407,0.22987,-0.225836
22.925620074,0.22086,-0.225272
22.94228674,0.17434,-0.184671
22.958953407,0.120322,-0.154776
22.975620074,0.065433,-0.101775
22.99228674,0.006981,-0.039876
23.008953407,-0.045488,0.026063
23.025620074,-0.097806,0.108441
23.04228674,-0.132088,0.165575
23.058953407,-0.150964,0.206649
23.075620074,-0.145094,0.220544
23.09228674,-0.105319,0.20938
23.108953407,-0.035916,0.174325
23.125620074,0.039826,0.107234
23.14228674,0.116635,0.042643
23.158953407,0.191678,-0.017998
23.175620074,0.267356,-0.097909
23.19228674,0.328454,-0.171059
23.208953407,0.358599,-0.204664
23.225620074,0.36003,-0.225854
23.24228674,0.332064,-0.213288
23.258953407,0.263304,-0.188353
23.275620074,0.179053,-0.155651
23.29228674,0.078334,-0.094661
23.308953407,-0.045234,-0.007167
23.325620074,-0.162021,0.081275
23.34228674,-0.275244,0.164934
23.358953407,-0.3731,0.224777
23.375620074,-0.436463,0.259238
23.39228674,-0.460107,0.259996
23.408953407,-0.456862,0.247858
23.425620074,-0.432307,0.224004
23.44228674,-0.368256,0.1604
23.458953407,-0.285198,0.0816
23.475620074,-0.178182,-0.010302
23.49228674,-0.068612,-0.101049
23.508953407,0.039716,-0.184827
23.525620074,0.134804,-0.252744
23.54228674,0.197724,-0.269349
23.558953407,0.2301,-0.271886
23.575620074,0.2382,-0.261536
23.59228674,0.231301,-0.241331
23.608953407,0.199244,-0.163322
23.625620074,0.143192,-0.078984
23.64228674,0.069596,0.007731
23.658953407,-0.008882,0.092259
23.675620074,-0.078672,0.170942
23.69228674,-0.130199,0.226808
23.708953407,-0.154038,0.245327
23.725620074,-0.15554,0.239374
23.74228674,-0.145642,0.22545
23.758953407,-0.110646,0.186768
23.775620074,-0.061999,0.13282
23.79228674,-0.008901,0.068555
23.808953407,0.068327,-0.028163
23.825620074,0.145923,-0.107184
23.84228674,0.207766,-0.169188
23.858953407,0.252256,-0.220704
23.875620074,0.266253,-0.228288
23.89228674,0.262331,-0.216712
23.908953407,0.239856,-0.190512
23.925620074,0.210566,-0.14948
23.94228674,0.172949,-0.096682
23.958953407,0.111026,-0.018731
23.975620074,0.040666,0.060084
23.99228674,-0.029779,0.131504
24.008953407,-0.075797,0.180036
24.025620074,-0.095996,0.202444
24.04228674,-0.103455,0.204062
24.058953407,-0.102768,0.191094
24.075620074,-0.083449,0.15395
24.09228674,-0.06123,0.107367
24.108953407,-0.028648,0.055602
24.125620074,-0.003022,-0.022039
24.14228674,0.023028,-0.094887
24.158953407,0.04869,-0.150301
24.175620074,0.055282,-0.189444
24.19228674,0.047714,-0.215527
24.208953407,0.000301,-0.183635
24.225620074,-0.052006,-0.140393
24.24228674,-0.110572,-0.084573
24.258953407,-0.16477,-0.030068
24.275620074,-0.202528,0.012249
24.29228674,-0.223592,0.063454
24.308953407,-0.235996,0.122689
24.325620074,-0.246585,0.172023
24.34228674,-0.232306,0.20885
24.358953407,-0.170416,0.190364
24.375620074,-0.077834,0.136562
24.39228674,0.037978,0.069768
24.408953407,0.160002,0.004012
24.425620074,0.265311,-0.068853
24.44228674,0.346548,-0.129722
24.458953407,0.42306,-0.188895
24.475620074,0.482822,-0.237893
24.49228674,0.52033,-0.260477
24.508953407,0.521182,-0.268376
24.525620074,0.473225,-0.228945
24.54228674,0.372046,-0.140086
24.558953407,0.261102,-0.076969
24.575620074,0.146824,-0.009957
24.59228674,0.024479,0.077588
24.608953407,-0.088428,0.167004
24.625620074,-0.196563,0.243542
24.64228674,-0.289016,0.286246
24.658953407,-0.351551,0.30717
24.675620074,-0.373479,0.294705
24.69228674,-0.362234,0.272428
24.708953407,-0.313235,0.20328
24.725620074,-0.242872,0.118565
24.74228674,-0.151298,0.018537
24.758953407,-0.065886,-0.066363
24.775620074,0.023088,-0.149218
24.79228674,0.105583,-0.229289
24.808953407,0.172526,-0.279756
24.825620074,0.204524,-0.272034
24.84228674,0.210733,-0.271582
24.858953407,0.183726,-0.239932
24.875620074,0.138595,-0.188657
24.89228674,0.06877,-0.108489
24.908953407,-0.01005,-0.000131
24.925620074,-0.079414,0.071313
24.94228674,-0.145763,0.137258
24.958953407,-0.209224,0.219559
24.975620074,-0.248494,0.26416
24.99228674,-0.259204,0.26374
25.008953407,-0.243438,0.239992
25.025620074,-0.200257,0.198033
25.04228674,-0.135758,0.1445
25.058953407,-0.0648,0.072283
25.075620074,0.009894,-0.021649
25.09228674,0.093981,-0.104802
25.108953407,0.161132,-0.155863
25.125620074,0.217756,-0.212982
25.14228674,0.254276,-0.24505
25.158953407,0.267432,-0.237563
25.175620074,0.258631,-0.213256
25.19228674,0.219867,-0.15456
25.208953407,0.167035,-0.084436
25.225620074,0.110635,-0.025536
25.24228674,0.053679,0.047028
25.258953407,-0.004024,0.116148
25.275620074,-0.045958,0.161112
25.29228674,-0.074963,0.19352
25.308953407,-0.098464,0.221932
25.325620074,-0.109298,0.224918
25.34228674,-0.092807,0.183987
25.358953407,-0.054334,0.115026
25.375620074,-0.01129,0.054214
25.39228674,0.025372,0.001547
25.408953407,0.040076,-0.064554
25.425620074,0.038921,-0.10848
25.44228674,0.037496,-0.144406
25.458953407,0.038246,-0.180869
25.475620074,0.004919,-0.168396
25.49228674,-0.053094,-0.126602
25.508953407,-0.141752,-0.05996
25.525620074,-0.2298,0.011845
25.54228674,-0.301644,0.077412
25.558953407,-0.354771,0.127971
25.575620074,-0.390164,0.159736
25.59228674,-0.405804,0.176275
25.608953407,-0.416486,0.207348
25.625620074,-0.411445,0.224899
25.64228674,-0.377224,0.197127
25.658953407,-0.29792,0.116424
25.675620074,-0.187524,0.030022
25.69228674,-0.077423,-0.031942
25.708953407,0.016752,-0.099298
25.725620074,0.083752,-0.154923
25.74228674,0.131815,-0.196899
25.758953407,0.17563,-0.218034
25.775620074,0.214898,-0.233506
25.79228674,0.228488,-0.224488
25.808953407,0.216473,-0.199697
25.825620074,0.157079,-0.120082
25.84228674,0.060227,-0.016437
25.858953407,-0.028024,0.071088
25.875620074,-0.094235,0.131401
25.89228674,-0.133045,0.171495
25.908953407,-0.16187,0.209756
25.925620074,-0.193224,0.242366
25.94228674,-0.220358,0.266238
25.958953407,-0.219264,0.254941
25.975620074,-0.16625,0.181876
25.99228674,-0.084794,0.101353
26.008953407,0.00293,0.022472
26.025620074,0.094489,-0.064842
26.04228674,0.152263,-0.120632
26.058953407,0.19053,-0.160491
26.075620074,0.221118,-0.198508
26.09228674,0.255824,-0.236401
26.108953407,0.270949,-0.247686
26.125620074,0.25521,-0.219614
26.14228674,0.191388,-0.147668
26.158953407,0.099948,-0.060112
26.175620074,0.004955,0.026408
26.19228674,-0.068305,0.096858
26.208953407,-0.118469,0.13979
26.225620074,-0.167265,0.183026
26.24228674,-0.207362,0.217462
26.258953407,-0.240971,0.237083
26.275620074,-0.250694,0.225678
26.29228674,-0.229794,0.192427
26.308953407,-0.170215,0.12357
26.325620074,-0.091763,0.037995
26.34228674,-0.021719,-0.036841
26.358953407,0.036808,-0.100165
26.375620074,0.079549,-0.143404
26.39228674,0.11662,-0.181524
26.408953407,0.148686,-0.201444
26.425620074,0.17907,-0.219568
26.44228674,0.191286,-0.215305
26.458953407,0.179518,-0.161626
26.475620074,0.133324,-0.081275
26.49228674,0.074791,0.00186
26.508953407,0.031281,0.056839
26.525620074,0.009938,0.090548
26.54228674,0.003399,0.122773
26.558953407,0.000532,0.159341
26.575620074,-0.005273,0.17817
26.59228674,-0.006436,0.17568
26.608953407,0.013734,0.147756
26.625620074,0.052655,0.104935
26.64228674,0.10708,0.044883
26.658953407,0.168455,-0.053834
26.675620074,0.190337,-0.091369
26.69228674,0.193576,-0.105404
26.708953407,0.16651,-0.119383
26.725620074,0.132784,-0.15364
26.74228674,0.097833,-0.145956
26.758953407,0.053102,-0.133654
26.775620074,-0.016767,-0.084034
26.79228674,-0.114586,-0.008542
26.808953407,-0.215274,0.06961
26.825620074,-0.299148,0.131349
26.84228674,-0.353004,0.169535
26.858953407,-0.371672,0.182556
26.875620074,-0.372026,0.183721
26.89228674,-0.36316,0.180102
26.908953407,-0.342992,0.163891
26.925620074,-0.295367,0.120586
26.94228674,-0.217341,0.056253
26.958953407,-0.122109,-0.024214
26.975620074,-0.017695,-0.112112
26.99228674,0.070765,-0.175768
27.008953407,0.128391,-0.213232
27.025620074,0.152898,-0.226034
27.04228674,0.160581,-0.212945
27.058953407,0.165946,-0.203795
27.075620074,0.156174,-0.176006
27.09228674,0.126212,-0.120016
27.108953407,0.071146,-0.044521
27.125620074,0.001907,0.044258
27.14228674,-0.072628,0.133801
27.158953407,-0.129078,0.198222
27.175620074,-0.15517,0.23313
27.19228674,-0.157472,0.238207
27.208953407,-0.145512,0.231458
27.225620074,-0.112464,0.203475
27.24228674,-0.072844,0.167106
27.258953407,-0.022914,0.11742
27.275620074,0.042668,0.046212
27.29228674,0.113282,-0.03422
27.308953407,0.190035,-0.12058
27.325620074,0.243279,-0.18834
27.34228674,0.259976,-0.218974
27.358953407,0.249316,-0.226958
27.375620074,0.210201,-0.198978
27.39228674,0.161384,-0.177214
27.408953407,0.0966,-0.132113
27.425620074,0.021351,-0.069764
27.44228674,-0.069696,0.007979
27.458953407,-0.16252,0.093613
27.475620074,-0.252226,0.176562
27.49228674,-0.319062,0.234084
27.508953407,-0.351262,0.252445
27.525620074,-0.356358,0.246894
27.54228674,-0.340329,0.217773
27.558953407,-0.30027,0.16498
27.575620074,-0.250606,0.105379
27.59228674,-0.197172,0.052465
27.608953407,-0.130038,-0.017686
27.625620074,-0.059108,-0.09139
27.64228674,0.002232,-0.159976
27.658953407,0.050902,-0.208226
27.675620074,0.073006,-0.221776
27.69228674,0.069965,-0.210763
27.708953407,0.048721,-0.174296
27.725620074,0.012874,-0.113293
27.74228674,-0.027389,-0.055297
27.758953407,-0.063946,-0.000568
27.775620074,-0.099748,0.05946
27.79228674,-0.126524,0.116211
27.808953407,-0.146635,0.169177
27.825620074,-0.150801,0.197618
27.84228674,-0.136482,0.199486
27.858953407,-0.09352,0.181218
27.875620074,-0.003793,0.108123
27.89228674,0.065536,0.051266
27.908953407,0.138932,-0.010507
27.925620074,0.207174,-0.070749
27.94228674,0.269667,-0.125586
27.958953407,0.321924,-0.172268
27.975620074,0.3453,-0.197192
27.99228674,0.34785,-0.203938
28.008953407,0.325622,-0.189338
28.025620074,0.270468,-0.14561
28.04228674,0.204714,-0.09236
28.058953407,0.133088,-0.032114
28.075620074,0.028332,0.060155
28.09228674,-0.068935,0.138108
28.108953407,-0.150159,0.184587
28.125620074,-0.217194,0.217401
28.14228674,-0.26827,0.236442
28.158953407,-0.288223,0.220766
28.175620074,-0.28817,0.191666
28.19228674,-0.26294,0.138417
28.208953407,-0.216289,0.066432
28.225620074,-0.162616,-0.009578
28.24228674,-0.116233,-0.075895
28.258953407,-0.079247,-0.122155
28.275620074,-0.03354,-0.170255
28.29228674,0.015453,-0.217008
28.308953407,0.033362,-0.229508
28.325620074,0.038551,-0.219368
28.34228674,0.026583,-0.182106
28.358953407,-0.00988,-0.114764
28.375620074,-0.042669,-0.045399
28.39228674,-0.074686,0.015655
28.408953407,-0.103644,0.084194
28.425620074,-0.117186,0.141076
28.44228674,-0.119786,0.182602
28.458953407,-0.110744,0.206358
28.475620074,-0.078316,0.2036
28.49228674,-0.02616,0.175472
28.508953407,0.04587,0.12492
28.525620074,0.134419,0.056284
28.54228674,0.220075,-0.012861
28.558953407,0.296329,-0.081474
28.575620074,0.358705,-0.140467
28.59228674,0.394536,-0.174682
28.608953407,0.410974,-0.193128
28.625620074,0.411494,-0.205456
28.64228674,0.388646,-0.201912
28.658953407,0.34144,-0.17266
28.675620074,0.268838,-0.119071
28.69228674,0.183444,-0.056729
28.708953407,0.083521,0.021545
28.725620074,-0.020603,0.10969
28.74228674,-0.099269,0.164302
28.758953407,-0.160416,0.197216
28.775620074,-0.206191,0.212798
28.79228674,-0.230343,0.201496
28.808953407,-0.238299,0.181705
28.825620074,-0.229899,0.152105
28.84228674,-0.199366,0.107871
28.858953407,-0.156363,0.04166
28.875620074,-0.103425,-0.037082
28.89228674,-0.05937,-0.10251
28.908953407,-0.021324,-0.154854
28.925620074,0.00141,-0.183901
28.94228674,0.01297,-0.195854
28.958953407,0.01586,-0.195722
28.975620074,0.001248,-0.170767
28.99228674,-0.021785,-0.125335
29.008953407,-0.058505,-0.066531
29.025620074,-0.097178,-0.00234
29.04228674,-0.127529,0.058694
29.058953407,-0.142948,0.107958
29.075620074,-0.145346,0.149988
29.09228674,-0.13173,0.174982
29.108953407,-0.098496,0.170794
29.125620074,-0.043398,0.140328
29.14228674,0.025366,0.093842
29.158953407,0.102466,0.036192
29.175620074,0.182048,-0.023306
29.19228674,0.257046,-0.082632
29.208953407,0.31885,-0.136383
29.225620074,0.358307,-0.174949
29.24228674,0.374636,-0.199607
29.258953407,0.374381,-0.213774
29.275620074,0.347608,-0.199496
29.29228674,0.295672,-0.158513
29.308953407,0.221085,-0.101412
29.325620074,0.127558,-0.024826
29.34228674,0.030044,0.058828
29.358953407,-0.06193,0.133874
29.375620074,-0.140149,0.187282
29.39228674,-0.196916,0.220508
29.408953407,-0.230734,0.2355
29.425620074,-0.243793,0.236359
29.44228674,-0.24025,0.217676
29.458953407,-0.214014,0.176408
29.475620074,-0.171474,0.118448
29.49228674,-0.097387,0.030786
29.508953407,-0.01927,-0.052824
29.525620074,0.047573,-0.121915
29.54228674,0.099769,-0.176176
29.558953407,0.127673,-0.1954
29.575620074,0.140422,-0.20959
29.59228674,0.13662,-0.207711
29.608953407,0.111172,-0.182379
29.625620074,0.067241,-0.139808
29.64228674,0.002975,-0.088721
29.658953407,-0.073724,-0.011916
29.675620074,-0.146206,0.064164
29.69228674,-0.208599,0.129475
29.708953407,-0.262854,0.182876
29.725620074,-0.295882,0.212527
29.74228674,-0.303622,0.213302
29.758953407,-0.294346,0.200489
29.775620074,-0.260128,0.165704
29.79228674,-0.207305,0.118332
29.808953407,-0.142456,0.058101
29.825620074,-0.070135,-0.006025
29.84228674,0.003154,-0.074924
29.858953407,0.072408,-0.134963
29.875620074,0.130352,-0.181018
29.89228674,0.175522,-0.197204
29.908953407,0.199146,-0.180157
29.925620074,0.199388,-0.145974
29.94228674,0.18922,-0.114911
29.958953407,0.167735,-0.074409
29.975620074,0.138446,-0.02422
29.99228674,0.105256,0.026168
30.008953407,0.068624,0.073787
30.025620074,0.036081,0.115696
30.04228674,0.00929,0.149216
30.058953407,-0.006856,0.162326
30.075620074,-0.003877,0.140428
30.09228674,0.006873,0.108858
30.108953407,0.023213,0.071092
30.125620074,0.042416,0.02278
30.14228674,0.053231,-0.028954
30.158953407,0.059958,-0.080664
30.175620074,0.066036,-0.120828
30.19228674,0.059793,-0.138614
30.208953407,0.028844,-0.139224
30.225620074,-0.016412,-0.125334
30.24228674,-0.065143,-0.100989
30.258953407,-0.119834,-0.057982
30.275620074,-0.175293,-0.006416
30.29228674,-0.225182,0.044328
30.308953407,-0.269018,0.099114
30.325620074,-0.301544,0.14728
30.34228674,-0.313507,0.168954
30.358953407,-0.301712,0.173225
30.375620074,-0.260342,0.161358
30.39228674,-0.195573,0.122055
30.408953407,-0.125956,0.081362
30.425620074,-0.0497,0.029347
30.44228674,0.031536,-0.031472
30.458953407,0.109677,-0.085332
30.475620074,0.181218,-0.137188
30.49228674,0.24123,-0.184301
