observation_id,campaign,session,condition_id,nominal_rpm,instrument,expected_tag_id,physical_location,primary_observable,units,analysis_role,stable_summary,cross_instrument_alignment,planned_admissibility,permitted_use
camera-2025-10-e0_0rpm-cam1,camera-2025-10,principal-camera-wtt,e0_0rpm,0,cam1,0,documented_center_marker,image_plane_displacement,pixel,stable_candidate,True,condition_only,pending_measurement,subject_to_measured_admissibility
camera-2025-10-e0_0rpm-cam2,camera-2025-10,principal-camera-wtt,e0_0rpm,0,cam2,0,documented_center_marker,image_plane_displacement,pixel,stable_candidate,True,condition_only,pending_measurement,subject_to_measured_admissibility
camera-2025-10-e0_0rpm-cam3,camera-2025-10,principal-camera-wtt,e0_0rpm,0,cam3,0,documented_side_marker,image_plane_displacement,pixel,stable_candidate,True,condition_only,pending_measurement,subject_to_measured_admissibility
camera-2025-10-e1_20rpm-cam1,camera-2025-10,principal-camera-wtt,e1_20rpm,20,cam1,0,documented_center_marker,image_plane_displacement,pixel,stable_candidate,True,condition_only,pending_measurement,subject_to_measured_admissibility
camera-2025-10-e1_20rpm-cam2,camera-2025-10,principal-camera-wtt,e1_20rpm,20,cam2,0,documented_center_marker,image_plane_displacement,pixel,stable_candidate,True,condition_only,pending_measurement,subject_to_measured_admissibility
camera-2025-10-e1_20rpm-cam3,camera-2025-10,principal-camera-wtt,e1_20rpm,20,cam3,0,documented_side_marker,image_plane_displacement,pixel,stable_candidate,True,condition_only,pending_measurement,subject_to_measured_admissibility
camera-2025-10-e2_40rpm-cam1,camera-2025-10,principal-camera-wtt,e2_40rpm,40,cam1,0,documented_center_marker,image_plane_displacement,pixel,stable_candidate,True,condition_only,pending_measurement,subject_to_measured_admissibility
camera-2025-10-e2_40rpm-cam2,camera-2025-10,principal-camera-wtt,e2_40rpm,40,cam2,0,documented_center_marker,image_plane_displacement,pixel,stable_candidate,True,condition_only,pending_measurement,subject_to_measured_admissibility
camera-2025-10-e2_40rpm-cam3,camera-2025-10,principal-camera-wtt,e2_40rpm,40,cam3,0,documented_side_marker,image_plane_displacement,pixel,stable_candidate,True,condition_only,pending_measurement,subject_to_measured_admissibility
camera-2025-10-e3_50rpm-cam1,camera-2025-10,principal-camera-wtt,e3_50rpm,50,cam1,0,documented_center_marker,image_plane_displacement,pixel,stable_candidate,True,condition_only,pending_measurement,subject_to_measured_admissibility
camera-2025-10-e3_50rpm-cam2,camera-2025-10,principal-camera-wtt,e3_50rpm,50,cam2,0,documented_center_marker,image_plane_displacement,pixel,stable_candidate,True,condition_only,pending_measurement,subject_to_measured_admissibility
camera-2025-10-e3_50rpm-cam3,camera-2025-10,principal-camera-wtt,e3_50rpm,50,cam3,0,documented_side_marker,image_plane_displacement,pixel,stable_candidate,True,condition_only,pending_measurement,subject_to_measured_admissibility
camera-2025-10-e4_60rpm-cam1,camera-2025-10,principal-camera-wtt,e4_60rpm,60,cam1,0,documented_center_marker,image_plane_displacement,pixel,viv_onset_diagnostic,False,condition_only,pending_measurement,subject_to_measured_admissibility
camera-2025-10-e4_60rpm-cam2,camera-2025-10,principal-camera-wtt,e4_60rpm,60,cam2,0,documented_center_marker,image_plane_displacement,pixel,viv_onset_diagnostic,False,condition_only,pending_measurement,subject_to_measured_admissibility
camera-2025-10-e4_60rpm-cam3,camera-2025-10,principal-camera-wtt,e4_60rpm,60,cam3,0,documented_side_marker,image_plane_displacement,pixel,viv_onset_diagnostic,False,condition_only,pending_measurement,subject_to_measured_admissibility
camera-2025-10-e5_70rpm-cam1,camera-2025-10,principal-camera-wtt,e5_70rpm,70,cam1,0,documented_center_marker,image_plane_displacement,pixel,stable_candidate,True,condition_only,pending_measurement,subject_to_measured_admissibility
camera-2025-10-e5_70rpm-cam2,camera-2025-10,principal-camera-wtt,e5_70rpm,70,cam2,0,documented_center_marker,image_plane_displacement,pixel,stable_candidate,True,condition_only,pending_measurement,subject_to_measured_admissibility
camera-2025-10-e5_70rpm-cam3,camera-2025-10,principal-camera-wtt,e5_70rpm,70,cam3,0,documented_side_marker,image_plane_displacement,pixel,stable_candidate,True,condition_only,pending_measurement,subject_to_measured_admissibility
camera-2025-10-e6_80rpm-cam1,camera-2025-10,principal-camera-wtt,e6_80rpm,80,cam1,0,documented_center_marker,image_plane_displacement,pixel,stable_candidate,True,condition_only,pending_measurement,subject_to_measured_admissibility
camera-2025-10-e6_80rpm-cam2,camera-2025-10,principal-camera-wtt,e6_80rpm,80,cam2,0,documented_center_marker,image_plane_displacement,pixel,stable_candidate,True,condition_only,pending_measurement,subject_to_measured_admissibility
camera-2025-10-e6_80rpm-cam3,camera-2025-10,principal-camera-wtt,e6_80rpm,80,cam3,0,documented_side_marker,image_plane_displacement,pixel,stable_candidate,True,condition_only,pending_measurement,subject_to_measured_admissibility
camera-2025-10-e7_90rpm-cam1,camera-2025-10,principal-camera-wtt,e7_90rpm,90,cam1,0,documented_center_marker,image_plane_displacement,pixel,stable_candidate,True,condition_only,pending_measurement,subject_to_measured_admissibility
camera-2025-10-e7_90rpm-cam2,camera-2025-10,principal-camera-wtt,e7_90rpm,90,cam2,0,documented_center_marker,image_plane_displacement,pixel,stable_candidate,True,condition_only,pending_measurement,subject_to_measured_admissibility
camera-2025-10-e7_90rpm-cam3,camera-2025-10,principal-camera-wtt,e7_90rpm,90,cam3,0,documented_side_marker,image_plane_displacement,pixel,stable_candidate,True,condition_only,pending_measurement,subject_to_measured_admissibility
camera-2025-10-e8_100rpm-cam1,camera-2025-10,principal-camera-wtt,e8_100rpm,100,cam1,0,documented_center_marker,image_plane_displacement,pixel,stable_candidate,True,condition_only,pending_measurement,subject_to_measured_admissibility
camera-2025-10-e8_100rpm-cam2,camera-2025-10,principal-camera-wtt,e8_100rpm,100,cam2,0,documented_center_marker,image_plane_displacement,pixel,stable_candidate,True,condition_only,pending_measurement,subject_to_measured_admissibility
camera-2025-10-e8_100rpm-cam3,camera-2025-10,principal-camera-wtt,e8_100rpm,100,cam3,0,documented_side_marker,image_plane_displacement,pixel,stable_candidate,True,condition_only,pending_measurement,subject_to_measured_admissibility
camera-2025-10-e9_110rpm-cam1,camera-2025-10,principal-camera-wtt,e9_110rpm,110,cam1,0,documented_center_marker,image_plane_displacement,pixel,stable_candidate,True,condition_only,pending_measurement,subject_to_measured_admissibility
camera-2025-10-e9_110rpm-cam2,camera-2025-10,principal-camera-wtt,e9_110rpm,110,cam2,0,documented_center_marker,image_plane_displacement,pixel,stable_candidate,True,condition_only,pending_measurement,subject_to_measured_admissibility
camera-2025-10-e9_110rpm-cam3,camera-2025-10,principal-camera-wtt,e9_110rpm,110,cam3,0,documented_side_marker,image_plane_displacement,pixel,stable_candidate,True,condition_only,pending_measurement,subject_to_measured_admissibility
camera-2025-10-e10_120rpm-cam1,camera-2025-10,principal-camera-wtt,e10_120rpm,120,cam1,0,documented_center_marker,image_plane_displacement,pixel,stable_candidate,True,condition_only,pending_measurement,subject_to_measured_admissibility
camera-2025-10-e10_120rpm-cam2,camera-2025-10,principal-camera-wtt,e10_120rpm,120,cam2,0,documented_center_marker,image_plane_displacement,pixel,stable_candidate,True,condition_only,pending_measurement,subject_to_measured_admissibility
camera-2025-10-e10_120rpm-cam3,camera-2025-10,principal-camera-wtt,e10_120rpm,120,cam3,0,documented_side_marker,image_plane_displacement,pixel,stable_candidate,True,condition_only,pending_measurement,subject_to_measured_admissibility
camera-2025-10-e11_140rpm-cam1,camera-2025-10,principal-camera-wtt,e11_140rpm,140,cam1,0,documented_center_marker,image_plane_displacement,pixel,stable_candidate,True,condition_only,pending_measurement,subject_to_measured_admissibility
camera-2025-10-e11_140rpm-cam2,camera-2025-10,principal-camera-wtt,e11_140rpm,140,cam2,0,documented_center_marker,image_plane_displacement,pixel,stable_candidate,True,condition_only,pending_measurement,subject_to_measured_admissibility
camera-2025-10-e11_140rpm-cam3,camera-2025-10,principal-camera-wtt,e11_140rpm,140,cam3,0,documented_side_marker,image_plane_displacement,pixel,stable_candidate,True,condition_only,pending_measurement,subject_to_measured_admissibility
camera-2025-10-e12_160rpm-cam1,camera-2025-10,principal-camera-wtt,e12_160rpm,160,cam1,0,documented_center_marker,image_plane_displacement,pixel,stable_candidate,True,condition_only,pending_measurement,subject_to_measured_admissibility
camera-2025-10-e12_160rpm-cam2,camera-2025-10,principal-camera-wtt,e12_160rpm,160,cam2,0,documented_center_marker,image_plane_displacement,pixel,stable_candidate,True,condition_only,pending_measurement,subject_to_measured_admissibility
camera-2025-10-e12_160rpm-cam3,camera-2025-10,principal-camera-wtt,e12_160rpm,160,cam3,0,documented_side_marker,image_plane_displacement,pixel,stable_candidate,True,condition_only,pending_measurement,subject_to_measured_admissibility
camera-2025-10-e13_180rpm-cam1,camera-2025-10,principal-camera-wtt,e13_180rpm,180,cam1,0,documented_center_marker,image_plane_displacement,pixel,stable_candidate,True,condition_only,pending_measurement,subject_to_measured_admissibility
camera-2025-10-e13_180rpm-cam2,camera-2025-10,principal-camera-wtt,e13_180rpm,180,cam2,0,documented_center_marker,image_plane_displacement,pixel,stable_candidate,True,condition_only,pending_measurement,subject_to_measured_admissibility
camera-2025-10-e13_180rpm-cam3,camera-2025-10,principal-camera-wtt,e13_180rpm,180,cam3,0,documented_side_marker,image_plane_displacement,pixel,stable_candidate,True,condition_only,pending_measurement,subject_to_measured_admissibility
camera-2025-10-e14_200rpm-cam1,camera-2025-10,principal-camera-wtt,e14_200rpm,200,cam1,0,documented_center_marker,image_plane_displacement,pixel,stable_candidate,True,condition_only,pending_measurement,subject_to_measured_admissibility
camera-2025-10-e14_200rpm-cam2,camera-2025-10,principal-camera-wtt,e14_200rpm,200,cam2,0,documented_center_marker,image_plane_displacement,pixel,stable_candidate,True,condition_only,pending_measurement,subject_to_measured_admissibility
camera-2025-10-e14_200rpm-cam3,camera-2025-10,principal-camera-wtt,e14_200rpm,200,cam3,0,documented_side_marker,image_plane_displacement,pixel,stable_candidate,True,condition_only,pending_measurement,subject_to_measured_admissibility
camera-2025-10-e15_220rpm-cam1,camera-2025-10,principal-camera-wtt,e15_220rpm,220,cam1,0,documented_center_marker,image_plane_displacement,pixel,stable_candidate,True,condition_only,pending_measurement,subject_to_measured_admissibility
camera-2025-10-e15_220rpm-cam2,camera-2025-10,principal-camera-wtt,e15_220rpm,220,cam2,0,documented_center_marker,image_plane_displacement,pixel,stable_candidate,True,condition_only,pending_measurement,subject_to_measured_admissibility
camera-2025-10-e15_220rpm-cam3,camera-2025-10,principal-camera-wtt,e15_220rpm,220,cam3,0,documented_side_marker,image_plane_displacement,pixel,stable_candidate,True,condition_only,pending_measurement,subject_to_measured_admissibility
camera-2025-10-e16_240rpm-cam1,camera-2025-10,principal-camera-wtt,e16_240rpm,240,cam1,0,documented_center_marker,image_plane_displacement,pixel,stable_candidate,True,condition_only,pending_measurement,subject_to_measured_admissibility
camera-2025-10-e16_240rpm-cam2,camera-2025-10,principal-camera-wtt,e16_240rpm,240,cam2,0,documented_center_marker,image_plane_displacement,pixel,stable_candidate,True,condition_only,pending_measurement,subject_to_measured_admissibility
camera-2025-10-e16_240rpm-cam3,camera-2025-10,principal-camera-wtt,e16_240rpm,240,cam3,0,documented_side_marker,image_plane_displacement,pixel,stable_candidate,True,condition_only,pending_measurement,subject_to_measured_admissibility
camera-2025-10-e17_260rpm-cam1,camera-2025-10,principal-camera-wtt,e17_260rpm,260,cam1,0,documented_center_marker,image_plane_displacement,pixel,stable_candidate,True,condition_only,pending_measurement,subject_to_measured_admissibility
camera-2025-10-e17_260rpm-cam2,camera-2025-10,principal-camera-wtt,e17_260rpm,260,cam2,0,documented_center_marker,image_plane_displacement,pixel,stable_candidate,True,condition_only,pending_measurement,subject_to_measured_admissibility
camera-2025-10-e17_260rpm-cam3,camera-2025-10,principal-camera-wtt,e17_260rpm,260,cam3,0,documented_side_marker,image_plane_displacement,pixel,stable_candidate,True,condition_only,pending_measurement,subject_to_measured_admissibility
camera-2025-10-e18_280rpm-cam1,camera-2025-10,principal-camera-wtt,e18_280rpm,280,cam1,0,documented_center_marker,image_plane_displacement,pixel,stable_candidate,True,condition_only,pending_measurement,subject_to_measured_admissibility
camera-2025-10-e18_280rpm-cam2,camera-2025-10,principal-camera-wtt,e18_280rpm,280,cam2,0,documented_center_marker,image_plane_displacement,pixel,stable_candidate,True,condition_only,pending_measurement,subject_to_measured_admissibility
camera-2025-10-e18_280rpm-cam3,camera-2025-10,principal-camera-wtt,e18_280rpm,280,cam3,0,documented_side_marker,image_plane_displacement,pixel,stable_candidate,True,condition_only,pending_measurement,subject_to_measured_admissibility
camera-2025-10-e19_300rpm-cam1,camera-2025-10,principal-camera-wtt,e19_300rpm,300,cam1,0,documented_center_marker,image_plane_displacement,pixel,stable_candidate,True,condition_only,pending_measurement,subject_to_measured_admissibility
camera-2025-10-e19_300rpm-cam2,camera-2025-10,principal-camera-wtt,e19_300rpm,300,cam2,0,documented_center_marker,image_plane_displacement,pixel,stable_candidate,True,condition_only,pending_measurement,subject_to_measured_admissibility
camera-2025-10-e19_300rpm-cam3,camera-2025-10,principal-camera-wtt,e19_300rpm,300,cam3,0,documented_side_marker,image_plane_displacement,pixel,stable_candidate,True,condition_only,pending_measurement,subject_to_measured_admissibility
camera-2025-10-e20_320rpm-cam1,camera-2025-10,principal-camera-wtt,e20_320rpm,320,cam1,0,documented_center_marker,image_plane_displacement,pixel,high_wind_diagnostic,False,condition_only,fail,failure_diagnostic
camera-2025-10-e20_320rpm-cam2,camera-2025-10,principal-camera-wtt,e20_320rpm,320,cam2,0,documented_center_marker,image_plane_displacement,pixel,high_wind_diagnostic,False,condition_only,fail,failure_diagnostic
camera-2025-10-e20_320rpm-cam3,camera-2025-10,principal-camera-wtt,e20_320rpm,320,cam3,0,documented_side_marker,image_plane_displacement,pixel,high_wind_diagnostic,False,condition_only,warning,camera_only_image_plane_diagnostic
